,open,high,low,close,volume
2016-12-18,101.65,101.65,97.0,97.5,123439
2016-12-19,99.85,99.85,93.7,95.05,150670
2016-12-20,96.75,96.9,92.25,92.65,230046
2016-12-21,93.0,93.0,90.2,91.05,96436
2016-12-22,90.1,91.95,90.0,90.95,82530
2016-12-25,88.5,89.6,86.45,86.95,125180
2016-12-26,86.65,88.8,85.3,88.25,84262
2016-12-27,88.75,90.9,87.4,88.45,101292
2016-12-28,88.5,89.8,87.8,88.75,120465
2016-12-29,88.2,93.35,88.2,91.6,155451
2017-01-01,93.5,95.4,91.05,93.9,183842
2017-01-02,94.85,94.85,93.0,93.45,98763
2017-01-03,93.45,96.2,92.15,92.85,540876
2017-01-04,93.45,94.2,91.5,91.9,206430
2017-01-05,92.45,92.85,89.25,89.95,158983
2017-01-08,90.5,92.5,90.35,91.9,78324
2017-01-09,93.5,94.5,92.2,92.8,171197
2017-01-10,92.8,94.0,91.15,91.45,160969
2017-01-11,92.05,93.25,90.45,90.75,162148
2017-01-12,91.15,91.8,90.3,90.5,84742
2017-01-15,90.2,91.9,89.65,90.85,58283
2017-01-16,91.0,91.35,90.0,90.1,44943
2017-01-17,90.9,93.0,90.05,91.2,176699
2017-01-18,91.25,92.0,90.5,91.55,42647
2017-01-19,90.65,91.75,88.0,89.0,112614
2017-01-22,90.7,90.7,88.4,88.9,59837
2017-01-23,89.9,89.9,88.15,88.5,55258
2017-01-24,88.75,89.8,88.2,88.65,70860
2017-01-26,88.65,89.5,88.0,88.35,68998
2017-01-29,88.1,88.65,87.0,87.1,75377
2017-01-30,87.8,88.6,85.4,87.9,197505
2017-01-31,86.55,92.0,86.55,90.8,183840
2017-02-01,91.0,91.85,88.8,89.1,66723
2017-02-02,89.8,89.8,87.75,88.6,360885
2017-02-05,89.85,98.9,88.5,93.35,1799837
2017-02-06,93.95,94.3,92.1,93.3,141354
2017-02-07,93.25,93.85,92.3,93.1,60830
2017-02-08,93.8,93.85,92.3,92.5,63916
2017-02-09,93.65,93.65,89.7,91.2,113495
2017-02-12,92.75,97.4,92.75,93.8,199382
2017-02-13,94.55,95.0,93.75,94.05,258890
2017-02-14,94.95,94.95,92.25,93.25,121015
2017-02-15,92.55,94.15,92.1,92.9,45927
2017-02-16,92.6,93.8,92.1,92.35,52615
2017-02-19,93.55,95.9,92.55,93.0,110669
2017-02-20,93.0,99.1,93.0,96.9,667963
2017-02-21,97.75,99.0,93.5,94.55,285554
2017-02-22,94.9,95.25,93.55,94.4,54084
2017-02-26,94.0,96.8,93.1,94.8,99102
2017-02-27,95.55,98.5,95.05,97.05,580391
2017-02-28,97.65,101.5,97.1,100.55,887843
2017-03-01,101.5,103.45,100.3,101.1,544928
2017-03-02,100.5,101.35,98.35,100.9,229574
2017-03-05,100.5,102.75,99.8,100.0,164834
2017-03-06,101.3,101.3,98.25,98.55,69536
2017-03-07,99.3,102.35,98.05,99.45,982888
2017-03-08,99.0,99.7,97.3,98.8,218246
2017-03-09,100.35,104.5,99.5,103.15,810104
2017-03-13,105.7,111.6,103.5,108.0,988029
2017-03-14,108.95,114.7,105.65,110.4,883481
2017-03-15,111.35,122.85,111.3,121.3,1525270
2017-03-16,121.5,122.8,115.25,116.45,566514
2017-03-19,116.2,121.9,115.0,119.45,524354
2017-03-20,120.35,120.35,116.3,117.5,187628
2017-03-21,116.45,123.3,115.25,118.35,500380
2017-03-22,119.35,125.6,117.5,123.05,716245
2017-03-23,123.6,127.65,123.05,123.55,501545
2017-03-26,123.45,127.4,119.15,120.7,561016
2017-03-27,121.8,124.45,121.7,122.5,219067
2017-03-28,123.05,124.9,121.1,121.65,295625
2017-03-29,122.0,123.75,122.0,123.15,123293
2017-03-30,123.85,124.4,121.65,123.8,168569
2017-04-02,123.65,129.5,123.65,126.05,487104
2017-04-04,126.1,127.7,123.1,124.5,259440
2017-04-05,124.9,124.9,119.2,123.15,232139
2017-04-06,122.5,126.0,121.1,121.8,227422
2017-04-09,122.5,123.45,121.0,122.35,72309
2017-04-10,122.95,123.7,119.65,120.1,144504
2017-04-11,121.4,121.4,117.25,119.55,166132
2017-04-12,120.25,120.25,117.35,118.0,84828
2017-04-16,118.0,122.8,117.15,119.25,114431
2017-04-17,119.95,121.25,114.0,115.15,159971
2017-04-18,115.95,117.0,112.3,116.1,203234
2017-04-19,117.1,123.0,116.55,121.6,330885
2017-04-20,121.0,124.4,118.0,118.7,167886
2017-04-23,120.15,121.4,117.9,119.3,208956
2017-04-24,120.3,121.2,118.25,119.65,223040
2017-04-25,118.6,121.0,115.65,116.4,136027
2017-04-26,116.15,116.2,111.25,112.05,465527
2017-04-27,111.25,115.3,111.25,113.65,197141
2017-05-01,112.9,116.0,112.9,114.15,360476
2017-05-02,115.4,136.9,113.95,134.55,9988604
2017-05-03,135.5,140.0,124.25,127.75,4944338
2017-05-04,128.5,139.0,120.0,122.35,5371537
2017-05-07,124.3,127.3,122.0,126.2,1556840
2017-05-08,126.9,126.9,120.75,124.65,1448928
2017-05-09,123.7,133.9,123.7,133.0,1875756
2017-05-10,133.0,136.0,129.5,132.75,1241964
2017-05-11,130.0,139.35,128.0,136.6,1647773
2017-05-14,136.5,137.5,132.0,133.3,1008714
2017-05-15,131.1,133.8,128.3,128.95,857614
2017-05-16,130.4,134.35,128.0,133.3,706305
2017-05-17,131.0,132.7,128.2,128.85,572553
2017-05-18,130.0,131.75,126.15,128.6,607624
2017-05-21,128.55,134.8,128.55,132.45,810918
2017-05-22,132.5,134.5,125.75,132.8,900604
2017-05-23,132.25,132.25,127.0,127.95,531466
2017-05-24,128.2,133.9,126.2,132.55,599995
2017-05-25,130.45,136.6,130.45,133.9,798172
2017-05-28,135.9,140.8,133.35,135.75,1642202
2017-05-29,135.0,138.0,134.35,135.0,381576
2017-05-30,136.5,145.7,135.1,142.65,1346575
2017-05-31,142.9,160.7,141.5,156.65,2978747
2017-06-01,157.0,159.0,151.5,152.2,842442
2017-06-04,153.25,170.4,153.0,164.1,2627508
2017-06-05,164.8,174.6,163.25,171.0,2631256
2017-06-06,171.0,175.95,167.3,170.25,1546721
2017-06-07,169.1,171.85,166.7,170.45,481049
2017-06-08,170.5,177.0,170.25,173.9,1018571
2017-06-11,173.0,174.15,166.5,168.75,624998
2017-06-12,170.4,171.05,163.5,164.5,697591
2017-06-13,165.5,168.95,162.6,167.55,642476
2017-06-14,168.9,172.75,166.15,169.85,461132
2017-06-15,170.95,171.35,164.35,165.35,444421
2017-06-18,165.7,167.05,162.35,163.3,213473
2017-06-19,164.45,164.45,156.3,157.1,410796
2017-06-20,157.75,162.4,156.7,158.2,454440
2017-06-21,158.5,159.75,153.4,154.05,337021
2017-06-22,155.25,155.25,150.25,152.65,218982
2017-06-26,152.65,157.3,149.0,153.35,384204
2017-06-27,151.6,158.8,150.2,154.25,309546
2017-06-28,153.5,159.4,153.5,155.1,443319
2017-06-29,158.25,160.0,155.2,159.45,344605
2017-07-02,160.0,164.9,159.65,163.75,403764
2017-07-03,163.7,167.0,162.7,163.95,192097
2017-07-04,165.4,165.4,159.25,163.15,171541
2017-07-05,164.7,164.7,160.2,160.8,260582
2017-07-06,160.5,164.0,158.0,161.3,282126
2017-07-09,163.9,163.9,160.0,161.55,20632
2017-07-10,163.0,163.0,155.0,156.4,205450
2017-07-11,157.75,160.0,156.3,158.05,161352
2017-07-12,161.2,161.2,155.9,156.55,163959
2017-07-13,159.5,159.5,155.3,156.5,148638
2017-07-16,157.0,159.75,153.0,153.55,332748
2017-07-17,154.95,156.1,152.1,154.95,149353
2017-07-18,154.95,160.15,154.1,156.75,841720
2017-07-19,157.95,171.05,155.2,166.55,7919427
2017-07-20,168.7,169.0,163.1,165.3,736078
2017-07-23,166.65,168.0,162.0,162.55,280674
2017-07-24,163.55,166.3,161.1,164.0,323750
2017-07-25,165.0,170.35,162.45,167.6,609080
2017-07-26,168.45,177.25,167.65,169.85,1276159
2017-07-27,166.15,173.0,165.5,166.45,371343
2017-07-30,167.8,167.85,163.5,164.15,180678
2017-07-31,165.9,166.7,162.35,165.7,327626
2017-08-01,166.25,172.0,163.1,170.7,456714
2017-08-02,170.9,176.95,167.35,174.7,715834
2017-08-03,175.5,175.55,168.35,171.55,768993
2017-08-06,173.7,179.2,169.0,174.8,496829
2017-08-07,176.25,179.2,170.9,174.6,337589
2017-08-08,174.35,177.3,171.5,174.85,353036
2017-08-09,172.0,174.0,159.35,164.95,646594
2017-08-10,160.0,171.0,156.0,164.35,588554
2017-08-13,167.0,177.35,165.35,175.6,505591
2017-08-15,175.0,183.35,172.05,180.2,567304
2017-08-16,180.0,192.4,180.0,191.25,758750
2017-08-17,189.8,190.8,183.3,188.3,347181
2017-08-20,189.9,194.4,178.6,180.1,427180
2017-08-21,182.15,183.3,172.55,177.9,342815
2017-08-22,179.6,188.65,178.5,187.4,491504
2017-08-23,186.95,187.1,181.25,184.3,357392
2017-08-27,185.05,186.0,182.4,184.4,313724
2017-08-28,182.7,186.9,180.75,183.35,591471
2017-08-29,185.05,186.9,183.0,184.35,138042
2017-08-30,184.1,185.45,181.3,182.0,156972
2017-08-31,182.5,185.0,181.25,183.2,155702
2017-09-03,184.95,185.0,177.25,182.25,155768
2017-09-04,184.15,184.9,181.0,183.3,138954
2017-09-05,182.45,185.9,179.7,183.1,280363
2017-09-06,184.2,187.5,182.8,183.55,295740
2017-09-07,184.85,184.85,181.0,182.3,127498
2017-09-10,183.4,192.45,182.0,189.5,499839
2017-09-11,193.0,209.0,193.0,203.1,1082281
2017-09-12,205.4,205.45,195.5,196.6,224439
2017-09-13,202.25,208.4,197.2,207.8,451221
2017-09-14,205.6,211.8,202.1,206.35,706362
2017-09-17,205.3,209.65,202.8,203.75,235194
2017-09-18,207.9,211.0,204.3,206.4,352910
2017-09-19,207.9,208.7,202.0,202.9,186637
2017-09-20,204.15,204.2,198.5,200.5,200562
2017-09-21,200.5,200.7,186.7,189.15,297625
2017-09-24,189.15,194.35,183.5,192.85,348539
2017-09-25,193.0,195.45,188.1,188.85,172476
2017-09-26,191.5,195.9,183.0,184.75,226136
2017-09-27,186.0,188.95,184.0,187.55,100992
2017-09-28,188.0,204.7,186.25,194.95,418149
2017-10-02,198.8,206.5,194.4,201.6,533900
2017-10-03,203.4,207.8,198.0,201.35,373861
2017-10-04,201.8,203.9,196.0,197.35,183611
2017-10-05,198.4,203.0,192.5,193.25,453007
2017-10-08,194.65,201.8,193.65,198.55,252792
2017-10-09,199.7,202.95,197.35,198.8,226544
2017-10-10,200.0,200.4,189.95,192.0,177200
2017-10-11,195.4,197.55,190.0,193.1,149399
2017-10-12,196.0,198.8,195.0,195.75,126623
2017-10-15,198.5,198.5,192.0,192.2,140987
2017-10-16,193.7,196.5,189.9,191.55,331585
2017-10-17,192.2,194.6,189.95,193.15,223617
2017-10-22,194.7,195.95,190.05,192.85,155564
2017-10-23,194.7,195.65,191.5,192.1,153273
2017-10-24,193.0,194.75,189.1,189.9,103306
2017-10-25,191.85,192.0,184.8,188.35,151956
2017-10-26,186.1,190.95,186.1,188.45,101195
2017-10-29,190.0,191.95,188.4,189.25,94750
2017-10-30,190.0,190.0,186.15,186.5,114910
2017-10-31,188.0,190.0,185.65,188.05,201977
2017-11-01,189.45,189.45,186.25,188.0,126110
2017-11-02,189.4,189.9,183.2,184.8,183643
2017-11-05,184.15,188.95,182.7,186.7,279820
2017-11-06,186.7,196.8,185.0,186.55,449474
2017-11-07,189.0,193.0,181.0,183.35,237539
2017-11-08,185.35,185.4,177.0,179.7,225808
2017-11-09,180.3,180.3,172.0,173.55,257980
2017-11-12,176.5,186.9,174.0,183.6,777014
2017-11-13,182.8,191.95,182.1,187.85,412644
2017-11-14,185.8,190.95,182.25,183.95,292556
2017-11-15,187.5,190.0,184.1,188.95,241579
2017-11-16,189.9,191.5,186.3,188.0,197225
2017-11-19,188.0,189.9,186.05,187.15,156635
2017-11-20,187.8,188.5,183.1,185.35,127324
2017-11-21,185.7,188.95,183.1,187.3,186287
2017-11-22,187.95,195.0,184.4,187.55,486452
2017-11-23,187.9,188.85,185.5,186.7,120927
2017-11-26,186.7,189.7,186.0,187.5,293687
2017-11-27,197.0,199.0,188.55,189.6,855644
2017-11-28,191.6,191.6,185.25,186.25,190984
2017-11-29,185.65,200.0,184.4,195.55,2025860
2017-11-30,200.0,219.0,199.25,208.9,1333018
2017-12-03,210.0,212.05,205.5,208.15,319777
2017-12-04,208.7,211.05,203.4,207.3,202322
2017-12-05,204.5,208.9,204.5,206.45,173399
2017-12-06,207.0,208.35,201.35,202.25,207194
2017-12-07,203.9,206.1,200.0,200.95,175441
2017-12-10,200.95,202.35,197.1,197.95,101045
2017-12-11,198.4,208.8,194.2,199.15,342467
2017-12-12,199.65,203.8,195.3,199.6,240486
2017-12-13,201.85,201.85,193.1,196.4,193875
2017-12-14,198.35,205.9,197.0,203.8,265435
2017-12-17,204.8,208.85,189.95,207.1,206419
2017-12-18,208.95,215.5,206.1,213.2,598945
2017-12-19,219.5,224.6,215.35,217.85,633135
2017-12-20,220.0,220.0,211.2,213.4,132832
2017-12-21,212.5,218.0,212.5,215.25,174383
2017-12-25,215.25,217.35,208.85,215.05,197717
2017-12-26,215.0,215.5,205.15,206.2,203245
2017-12-27,206.85,213.5,205.0,209.35,235511
2017-12-28,211.3,212.0,205.9,207.65,94723
2017-12-31,208.0,212.35,205.25,209.8,112633
2018-01-01,210.35,211.0,206.5,208.15,67666
2018-01-02,211.9,212.6,208.25,209.3,91033
2018-01-03,207.7,216.0,207.7,212.6,246594
2018-01-04,213.45,216.5,212.1,215.4,249092
2018-01-07,210.0,215.4,209.5,212.25,182008
2018-01-08,212.0,232.8,208.85,224.35,1021556
2018-01-09,226.25,229.55,222.1,223.1,289997
2018-01-10,222.6,229.1,218.0,223.0,178140
2018-01-11,223.1,228.45,216.5,217.7,186575
2018-01-14,217.05,221.0,213.75,215.2,98103
2018-01-15,216.0,225.0,212.7,216.55,443119
2018-01-16,216.0,217.7,211.65,214.5,92497
2018-01-17,215.0,221.8,208.65,210.75,114483
2018-01-18,210.75,215.25,205.5,208.0,120867
2018-01-21,210.0,212.45,208.3,209.8,56242
2018-01-22,213.55,213.55,208.05,209.5,100965
2018-01-23,208.85,214.0,207.95,208.65,224259
2018-01-24,211.2,211.95,205.25,206.9,103269
2018-01-28,205.1,210.0,192.2,194.95,249649
2018-01-29,191.05,194.0,186.05,186.75,153687
2018-01-30,187.05,189.2,181.0,181.4,115545
2018-01-31,181.5,187.5,181.0,182.6,247205
2018-02-01,178.0,182.75,168.75,176.85,226065
2018-02-04,171.6,179.15,168.4,176.5,571530
2018-02-05,165.0,171.95,165.0,169.5,297765
2018-02-06,172.25,178.5,172.25,177.3,247629
2018-02-07,178.95,185.0,177.5,179.8,306241
2018-02-08,172.6,185.75,170.6,183.45,218076
2018-02-11,184.0,191.0,184.0,190.2,491677
2018-02-13,191.35,194.25,190.0,192.6,231405
2018-02-14,192.5,194.55,182.85,184.45,211678
2018-02-15,185.85,189.0,182.0,188.05,190939
2018-02-18,189.0,189.0,182.45,185.35,101636
2018-02-19,185.0,187.5,182.3,183.8,62685
2018-02-20,184.35,184.85,178.4,180.15,71275
2018-02-21,180.7,185.75,178.3,184.75,87001
2018-02-22,184.05,187.5,182.25,183.35,80475
2018-02-25,185.8,185.8,181.45,182.6,92690
2018-02-26,183.45,183.8,177.1,177.9,94106
2018-02-27,176.8,176.8,170.45,173.35,335730
2018-02-28,175.85,177.5,172.85,173.5,146713
2018-03-04,174.0,174.9,165.55,166.8,130414
2018-03-05,168.9,171.2,161.35,162.0,198729
2018-03-06,162.0,162.75,157.4,158.2,130641
2018-03-07,159.0,162.25,159.0,161.75,154182
2018-03-08,163.05,166.35,162.1,165.05,90464
2018-03-11,165.15,167.35,161.85,164.65,181456
2018-03-12,163.0,164.5,161.65,163.45,150979
2018-03-13,163.0,164.0,162.1,163.0,113440
2018-03-14,163.95,170.9,163.0,169.4,115632
2018-03-15,171.9,173.3,165.65,168.55,137227
2018-03-18,166.1,167.75,161.25,162.2,167228
2018-03-19,159.05,163.5,159.0,161.15,124258
2018-03-20,162.9,171.9,160.0,165.15,259805
2018-03-21,168.0,168.45,159.1,160.7,263803
2018-03-22,159.0,159.95,153.0,154.0,247393
2018-03-25,155.0,160.0,152.85,158.55,171965
2018-03-26,159.1,164.75,159.1,161.1,131977
2018-03-27,159.35,162.5,158.15,160.15,120812
2018-04-01,162.5,162.95,159.6,160.45,145955
2018-04-02,161.3,168.3,159.85,167.5,106528
2018-04-03,168.3,176.6,168.15,171.45,281306
2018-04-04,173.7,176.85,171.45,175.85,80600
2018-04-05,176.05,182.85,175.85,181.25,210307
2018-04-08,179.9,182.0,174.3,175.8,109794
2018-04-09,176.9,179.0,175.1,175.8,43267
2018-04-10,175.8,177.65,174.0,175.0,68986
2018-04-11,176.75,178.7,175.0,176.1,49377
2018-04-12,175.05,178.0,174.25,175.3,46665
2018-04-15,171.3,181.0,171.3,180.1,90224
2018-04-16,181.0,183.75,181.0,182.45,79269
2018-04-17,182.1,183.7,174.55,176.65,67409
2018-04-18,177.7,177.9,174.35,175.0,28693
2018-04-19,176.0,176.9,174.5,174.95,40235
2018-04-22,176.45,181.0,174.05,176.05,135587
2018-04-23,175.0,178.8,175.0,175.6,104712
2018-04-24,175.3,176.2,162.6,165.0,154779
2018-04-25,167.0,167.55,164.0,164.75,44874
2018-04-26,165.85,168.4,161.5,163.1,80413
2018-04-29,163.9,166.0,159.05,160.55,179923
2018-05-01,161.0,162.35,156.0,157.3,115992
2018-05-02,157.3,158.05,149.0,150.45,154690
2018-05-03,151.05,151.1,146.0,146.85,135085
2018-05-06,147.1,154.6,147.1,152.7,106584
2018-05-07,153.05,157.7,152.7,154.45,68914
2018-05-08,154.5,154.8,140.1,148.6,376025
2018-05-09,149.95,154.9,146.35,147.45,146581
2018-05-10,148.25,149.8,142.65,143.1,76796
2018-05-13,144.3,144.9,141.5,143.75,46192
2018-05-14,145.45,145.45,135.1,136.45,170294
2018-05-15,135.1,136.45,125.1,126.45,197711
2018-05-16,127.5,128.0,115.7,120.6,388091
2018-05-17,120.6,134.8,120.5,130.4,1148625
2018-05-20,130.6,138.0,129.9,135.95,526958
2018-05-21,136.15,139.1,132.1,136.4,216943
2018-05-22,135.5,140.3,134.0,134.8,174657
2018-05-23,136.6,137.0,134.35,135.8,81971
2018-05-24,137.7,160.0,137.7,155.45,1919421
2018-05-27,154.8,155.85,148.2,152.4,383902
2018-05-28,151.0,155.0,151.0,153.0,197380
2018-05-29,152.9,158.3,150.6,151.75,138847
2018-05-30,153.0,153.15,145.7,149.8,240195
2018-05-31,150.1,154.35,147.95,152.35,185562
2018-06-03,152.55,154.0,146.55,149.4,112626
2018-06-04,146.0,148.75,135.75,138.1,224253
2018-06-05,135.05,139.7,130.0,132.85,468675
2018-06-06,134.5,149.95,134.5,145.25,483173
2018-06-07,145.0,149.5,143.05,146.35,274891
2018-06-10,144.5,152.95,144.5,147.0,115807
2018-06-11,147.5,148.95,144.5,146.15,62620
2018-06-12,147.9,147.9,140.2,141.45,114874
2018-06-13,140.9,142.7,137.4,138.8,158506
2018-06-14,139.8,146.3,138.75,143.35,117603
2018-06-17,144.0,144.05,140.0,140.75,27254
2018-06-18,140.45,140.45,134.75,135.35,86437
2018-06-19,134.6,136.8,129.75,130.4,123495
2018-06-20,132.7,133.65,128.0,129.15,72618
2018-06-21,129.5,132.0,125.0,125.9,125590
2018-06-24,126.0,130.75,124.15,124.7,106151
2018-06-25,123.45,126.75,118.2,118.95,120184
2018-06-26,119.35,123.65,115.5,116.9,97000
2018-06-27,116.95,119.75,115.75,116.05,283988
2018-06-28,116.1,119.0,116.1,117.1,205896
2018-07-01,118.05,118.9,117.0,117.85,108039
2018-07-02,120.8,132.7,118.0,128.9,1103064
2018-07-03,128.9,131.0,124.35,128.9,271952
2018-07-04,128.95,129.9,124.1,124.65,79499
2018-07-05,124.7,129.0,122.1,123.05,157343
2018-07-08,123.6,142.8,123.6,140.0,1777074
2018-07-09,140.95,142.4,136.1,137.8,402762
2018-07-10,136.9,137.75,134.2,135.4,107794
2018-07-11,137.7,147.4,137.15,140.0,954935
2018-07-12,143.0,143.45,135.4,136.1,187997
2018-07-15,136.1,136.1,130.1,130.65,118225
2018-07-16,131.7,136.7,131.3,134.1,143377
2018-07-17,134.2,138.1,129.45,130.7,151495
2018-07-18,130.6,132.0,126.0,126.85,194524
2018-07-19,126.4,127.9,121.65,124.55,168965
2018-07-22,122.2,128.5,122.2,125.6,224634
2018-07-23,126.1,135.7,126.1,132.35,409768
2018-07-24,134.45,140.9,134.0,136.8,309938
2018-07-25,137.75,139.9,136.1,136.95,110766
2018-07-26,137.5,143.2,137.5,138.0,142891
2018-07-29,138.5,142.0,137.6,138.25,124840
2018-07-30,138.55,141.5,138.1,139.95,140264
2018-07-31,141.1,143.95,140.0,142.05,176553
2018-08-01,142.9,146.05,140.8,143.95,209711
2018-08-02,145.0,146.0,139.1,140.2,234480
2018-08-05,141.0,153.4,140.95,151.15,781865
2018-08-06,151.5,159.55,151.5,157.55,788722
2018-08-07,158.7,162.35,156.05,160.85,271619
2018-08-08,161.0,161.0,155.25,157.0,207987
2018-08-09,159.75,159.75,150.05,150.95,183710
2018-08-12,150.7,150.7,144.35,145.9,156675
2018-08-13,145.7,145.7,142.85,145.0,92723
2018-08-15,144.75,145.8,141.25,143.3,101089
2018-08-16,144.0,146.9,142.5,144.1,362810
2018-08-19,144.1,144.4,141.0,142.95,182378
2018-08-20,142.05,144.1,141.25,142.8,245835
2018-08-22,144.0,152.5,143.0,147.05,210810
2018-08-23,145.3,154.55,144.65,151.4,255707
2018-08-26,152.5,155.95,151.55,154.9,180711
2018-08-27,156.4,157.3,150.85,152.1,186174
2018-08-28,154.85,158.05,153.0,154.65,129682
2018-08-29,155.0,156.55,152.1,154.4,123777
2018-08-30,156.7,156.7,152.1,154.55,218960
2018-09-02,154.0,159.6,152.95,154.15,233306
2018-09-03,154.35,158.3,152.95,154.25,248806
2018-09-04,152.95,157.75,152.0,156.15,173474
2018-09-05,157.75,162.95,153.5,159.95,306853
2018-09-06,160.4,164.6,158.45,161.3,259464
2018-09-09,159.3,161.7,155.4,155.95,131402
2018-09-10,157.5,157.95,150.5,152.55,91977
2018-09-11,152.9,155.95,150.1,151.3,181522
2018-09-13,152.55,156.45,152.45,155.35,81446
2018-09-16,154.5,159.7,152.05,155.8,68571
2018-09-17,155.5,157.15,152.0,152.6,57512
2018-09-18,152.3,156.5,146.05,152.9,97705
2018-09-20,154.9,155.95,145.0,152.2,319706
2018-09-23,154.8,155.7,148.5,150.25,1220852
2018-09-24,150.0,154.0,144.55,150.35,862082
2018-09-25,150.0,154.9,146.25,147.8,82553
2018-09-26,146.6,150.0,139.0,141.9,90329
2018-09-27,143.75,145.8,122.0,127.6,466034
2018-09-30,127.9,132.0,115.0,127.75,503343
2018-10-02,127.95,135.0,122.05,132.9,376500
2018-10-03,128.9,131.95,121.5,127.35,152574
2018-10-04,129.4,130.9,116.8,121.6,174003
2018-10-07,120.0,135.05,119.1,123.9,191835
2018-10-08,124.9,128.9,122.1,124.0,315019
2018-10-09,125.0,129.45,124.0,125.35,280691
2018-10-10,121.0,125.7,117.2,123.1,101485
2018-10-11,125.0,129.95,125.0,127.5,76008
2018-10-14,128.0,128.95,123.7,126.95,86301
2018-10-15,126.1,131.0,125.0,125.65,83311
2018-10-16,127.5,129.95,121.15,121.65,82587
2018-10-18,120.0,124.0,117.0,119.5,105820
2018-10-21,122.4,123.75,117.5,118.1,40650
2018-10-22,117.1,120.25,112.15,113.55,66133
2018-10-23,115.7,116.8,110.65,112.2,72114
2018-10-24,111.7,112.5,109.45,111.05,34398
2018-10-25,111.95,112.7,109.5,112.1,55270
2018-10-28,113.7,113.7,109.5,110.85,54115
2018-10-29,110.9,113.4,109.9,111.3,59891
2018-10-30,111.3,113.7,110.5,112.55,111328
2018-10-31,113.5,119.4,112.7,115.75,148370
2018-11-01,116.1,120.4,115.6,118.6,96121
2018-11-04,118.95,123.0,118.0,119.85,91658
2018-11-05,120.7,122.0,119.25,120.75,41690
2018-11-08,126.9,127.45,123.8,126.75,65620
2018-11-11,127.95,128.0,123.0,123.7,41420
2018-11-12,122.4,127.1,121.0,125.5,48507
2018-11-13,126.75,127.3,120.25,121.1,64677
2018-11-14,122.55,122.85,113.0,114.2,134198
2018-11-15,114.7,116.5,110.25,111.2,87707
2018-11-18,112.0,117.2,110.0,114.9,71338
2018-11-19,115.8,116.0,113.2,114.05,31638
2018-11-20,114.05,115.3,111.25,112.35,61865
2018-11-21,113.3,116.6,111.85,113.35,99720
2018-11-25,115.0,116.4,113.6,114.05,60918
2018-11-26,114.8,115.6,111.15,112.3,54786
2018-11-27,112.35,113.55,108.0,109.45,76488
2018-11-28,110.45,112.45,106.7,107.75,115688
2018-11-29,108.8,108.85,105.9,107.25,83101
2018-12-02,107.75,108.25,104.4,105.1,70498
2018-12-03,105.75,105.75,101.05,101.75,100275
2018-12-04,103.5,109.0,101.5,102.95,388183
2018-12-05,101.95,104.8,100.25,102.35,128053
2018-12-06,103.1,103.8,100.9,101.45,75099
2018-12-09,101.2,101.25,98.4,99.35,61115
2018-12-10,96.8,99.85,96.8,98.8,48565
2018-12-11,99.0,103.1,99.0,100.4,79681
2018-12-12,101.2,104.9,101.2,101.8,103932
2018-12-13,101.8,103.7,99.0,100.2,116019
2018-12-16,100.2,102.5,98.25,99.85,115686
2018-12-17,99.85,101.65,97.9,98.85,226046
2018-12-18,99.95,101.45,99.5,100.95,160587
2018-12-19,100.55,107.7,100.0,102.7,846384
2018-12-20,104.5,109.0,104.5,105.65,755053
2018-12-23,106.9,107.4,102.8,103.6,113851
2018-12-25,104.6,104.6,100.0,102.45,96720
2018-12-26,103.5,103.95,100.0,100.25,148897
2018-12-27,100.8,102.3,99.0,99.85,113633
2018-12-30,100.8,101.9,100.35,100.85,96747
2018-12-31,101.8,104.25,100.85,103.45,99094
2019-01-01,103.2,106.0,102.9,103.85,230367
2019-01-02,105.0,105.5,100.4,101.75,98162
2019-01-03,104.45,104.45,102.15,103.35,146536
2019-01-06,104.6,104.85,101.1,101.55,72294
2019-01-07,102.65,102.65,100.0,100.4,83573
2019-01-08,101.45,101.8,99.5,100.2,165612
2019-01-09,99.8,102.25,99.65,100.75,130272
2019-01-10,101.0,101.8,99.55,99.75,55877
2019-01-13,99.95,101.45,99.1,100.45,71305
2019-01-14,100.65,101.7,100.0,101.0,66456
2019-01-15,101.7,104.0,101.25,102.8,167373
2019-01-16,103.1,103.4,100.55,101.4,36222
2019-01-17,101.6,102.65,99.1,100.4,60151
2019-01-20,104.4,108.0,103.05,104.85,656651
2019-01-21,105.8,108.0,104.55,105.65,149689
2019-01-22,105.65,106.0,101.5,102.05,91972
2019-01-23,103.6,103.6,97.5,99.05,191311
2019-01-24,99.75,100.95,97.0,97.75,89222
2019-01-27,98.55,98.55,93.7,94.75,92250
2019-01-28,94.0,98.5,94.0,95.7,115028
2019-01-29,95.7,97.85,95.55,95.95,90766
2019-01-30,96.0,97.75,96.0,96.65,51622
2019-01-31,97.95,97.95,96.05,96.4,57069
2019-02-03,98.7,98.7,93.7,94.25,47249
2019-02-04,94.0,94.4,89.9,90.4,112743
2019-02-05,90.5,91.35,83.85,85.15,115451
2019-02-06,85.0,89.4,85.0,87.15,112495
2019-02-07,86.55,87.2,81.15,81.9,503153
2019-02-10,82.05,82.1,76.15,76.7,154442
2019-02-11,76.75,80.85,76.0,77.9,117830
2019-02-12,77.9,81.45,77.6,80.65,112591
2019-02-13,80.0,91.0,79.95,84.35,548364
2019-02-14,85.45,89.5,85.05,88.3,206006
2019-02-17,88.3,90.0,82.55,83.45,106237
2019-02-18,83.0,87.0,83.0,84.45,194246
2019-02-19,86.5,87.9,85.95,86.5,123164
2019-02-20,85.5,87.15,85.5,86.85,43619
2019-02-21,87.0,89.6,86.95,88.1,77153
2019-02-24,89.0,90.15,88.5,88.85,79908
2019-02-25,87.0,88.5,85.55,86.6,100663
2019-02-26,94.2,94.9,87.3,88.75,625252
2019-02-27,88.8,92.4,87.5,88.35,195742
2019-02-28,89.6,91.45,88.75,89.65,194111
2019-03-04,90.5,98.35,90.0,97.15,585676
2019-03-05,97.25,108.5,97.25,105.05,717237
2019-03-06,105.95,108.7,102.6,104.9,359426
2019-03-07,104.0,104.95,102.2,102.9,135599
2019-03-10,103.65,106.75,102.0,102.7,167998
2019-03-11,103.5,107.95,103.5,104.55,266966
2019-03-12,105.45,106.0,102.05,102.8,143223
2019-03-13,103.3,103.8,101.75,102.05,75446
2019-03-14,102.0,103.9,100.95,101.4,111658
2019-03-17,102.0,103.0,101.55,102.4,104279
2019-03-18,102.85,104.95,100.05,102.95,163614
2019-03-19,102.95,104.75,101.0,101.9,130264
2019-03-21,102.9,103.0,99.4,99.8,132073
2019-03-24,97.3,102.5,97.3,99.4,403409
2019-03-25,101.3,101.55,99.5,99.85,95766
2019-03-26,100.4,107.7,99.65,105.5,420270
2019-03-27,105.35,106.9,102.75,103.75,188745
2019-03-28,104.45,106.5,101.6,102.6,189452
2019-03-31,103.05,108.3,102.65,106.35,364181
2019-04-01,107.15,107.3,102.5,103.35,215605
2019-04-02,103.9,104.15,99.0,99.75,200378
2019-04-03,99.05,101.2,98.1,98.75,106776
2019-04-04,99.0,100.9,98.65,99.1,106346
2019-04-07,99.75,101.7,94.05,96.2,161673
2019-04-08,96.8,97.5,95.5,95.85,130782
2019-04-09,95.5,96.7,94.9,95.15,90293
2019-04-10,95.6,96.0,95.25,95.85,46584
2019-04-11,95.95,98.5,95.1,97.6,115508
2019-04-14,98.1,99.65,98.0,98.7,80143
2019-04-15,99.15,102.35,98.9,101.25,222172
2019-04-17,102.3,102.3,96.8,97.05,112732
2019-04-21,96.95,96.95,94.05,94.65,77771
2019-04-22,96.45,98.85,94.5,95.05,115474
2019-04-23,94.05,95.5,94.05,94.75,61316
2019-04-24,94.4,95.85,92.6,93.2,78084
2019-04-25,93.05,94.8,92.8,93.75,48455
2019-04-29,94.1,94.1,90.05,90.55,54981
2019-05-01,90.55,91.95,90.0,90.15,103660
2019-05-02,90.5,91.0,84.7,87.4,135693
2019-05-05,86.0,88.45,85.55,87.65,80690
2019-05-06,88.45,90.9,83.35,85.05,108278
2019-05-07,84.9,85.7,81.5,81.9,87957
2019-05-08,81.95,82.8,80.0,80.5,68120
2019-05-09,81.05,83.3,79.5,80.0,93364
2019-05-12,81.5,81.5,75.4,76.95,119562
2019-05-13,76.95,77.25,73.75,74.45,164935
2019-05-14,75.25,81.95,75.0,79.7,1352151
2019-05-15,80.0,83.5,79.15,79.75,220574
2019-05-16,78.0,80.4,77.0,77.8,111570
2019-05-19,81.0,92.0,79.9,88.85,1355109
2019-05-20,87.85,93.4,84.95,85.8,214899
2019-05-21,87.7,88.1,84.5,85.55,111125
2019-05-22,85.85,92.3,85.15,85.8,214367
2019-05-23,87.8,88.35,86.2,87.45,139221
2019-05-26,89.0,95.5,89.0,93.55,304005
2019-05-27,100.0,103.0,99.2,102.25,1203514
2019-05-28,102.25,102.25,97.7,98.45,220727
2019-05-29,99.2,99.75,96.6,97.95,98958
2019-05-30,98.0,101.8,97.95,100.2,292226
2019-06-02,99.0,100.3,98.0,98.8,114236
2019-06-03,99.0,100.0,97.0,97.65,104027
2019-06-05,98.0,98.65,96.0,96.7,72633
2019-06-06,98.9,98.9,95.0,96.35,157350
2019-06-09,96.1,97.0,95.95,96.15,68762
2019-06-10,96.1,97.5,95.9,96.3,85481
2019-06-11,96.0,96.8,95.1,95.55,36016
2019-06-12,96.6,99.4,94.2,95.1,132590
2019-06-13,94.95,95.5,94.0,94.75,103212
2019-06-16,95.0,96.5,93.35,95.8,101795
2019-06-17,96.8,96.8,94.55,95.9,71566
2019-06-18,97.25,97.25,92.25,93.3,127025
2019-06-19,92.05,96.0,92.05,94.45,77592
2019-06-20,94.5,96.45,93.15,94.2,79873
2019-06-23,97.25,97.25,93.1,95.05,66437
2019-06-24,95.1,95.7,93.0,93.85,70983
2019-06-25,95.1,96.25,93.6,95.6,61304
2019-06-26,95.55,96.8,93.95,94.35,79721
2019-06-27,94.5,96.1,94.2,94.6,51042
2019-06-30,96.15,96.6,94.0,95.4,84907
2019-07-01,94.5,97.15,92.0,92.2,57413
2019-07-02,91.55,96.2,91.55,93.75,130659
2019-07-03,94.0,96.0,92.4,94.05,137912
2019-07-04,94.25,95.1,93.0,94.0,45194
2019-07-07,93.55,95.8,88.4,90.75,98626
2019-07-08,90.1,94.0,88.65,91.2,66757
2019-07-09,90.35,92.2,89.65,90.45,63809
2019-07-10,90.0,91.65,89.5,90.7,35484
2019-07-11,92.45,93.9,90.5,91.45,154313
2019-07-14,91.05,93.9,88.2,89.3,112458
2019-07-15,89.3,91.9,85.35,86.65,210462
2019-07-16,86.5,88.0,83.85,84.75,175734
2019-07-17,85.0,85.75,80.85,81.55,81536
2019-07-18,81.55,82.65,77.0,79.0,132901
2019-07-21,78.05,79.1,75.3,78.25,113565
2019-07-22,78.7,81.0,78.4,80.45,124185
2019-07-23,81.0,81.7,78.0,79.0,42483
2019-07-24,78.2,80.5,78.1,79.05,50615
2019-07-25,79.0,80.1,78.0,79.75,126564
2019-07-28,81.5,81.5,75.55,77.4,66531
2019-07-29,79.0,79.45,76.8,78.8,120856
2019-07-30,78.95,80.05,76.55,79.15,49219
2019-07-31,78.7,81.6,77.4,78.5,116045
2019-08-01,77.1,79.45,76.25,78.1,48193
2019-08-04,78.0,78.0,73.25,77.05,129124
2019-08-05,75.35,76.5,73.35,76.05,203540
2019-08-06,75.1,78.55,68.6,69.95,273763
2019-08-07,68.7,70.05,67.0,67.9,122918
2019-08-08,70.0,71.4,61.95,63.65,304045
2019-08-12,66.0,70.3,64.1,69.2,457211
2019-08-13,67.45,68.9,65.3,65.85,313689
2019-08-15,65.85,66.4,64.0,65.0,70720
2019-08-18,65.8,68.0,61.55,62.6,84206
2019-08-19,63.05,64.8,61.3,61.7,59373
2019-08-20,62.15,64.6,59.55,60.0,74587
2019-08-21,59.95,59.95,56.15,56.45,60119
2019-08-22,57.0,58.2,54.75,57.5,63422
2019-08-25,59.0,62.95,58.55,62.35,94496
2019-08-26,62.05,65.55,61.25,64.45,161380
2019-08-27,63.2,73.75,63.2,64.85,3491253
2019-08-28,65.9,65.9,61.0,61.4,159703
2019-08-29,61.5,63.0,60.0,60.75,136140
2019-09-02,59.3,60.7,58.0,59.45,73915
2019-09-03,58.15,62.65,58.0,58.15,136086
2019-09-04,58.65,60.3,58.65,59.2,71680
2019-09-05,59.8,62.75,59.7,62.45,230584
2019-09-08,63.25,65.6,62.25,64.5,234341
2019-09-10,64.7,69.8,63.5,68.35,843544
2019-09-11,68.5,72.05,66.6,68.45,446197
2019-09-12,69.0,70.2,65.05,67.6,456579
2019-09-15,66.95,70.3,65.05,67.35,710443
2019-09-16,67.9,70.4,63.25,64.5,499420
2019-09-17,66.0,67.95,63.6,66.65,532494
2019-09-18,66.3,66.3,62.45,62.85,155246
2019-09-19,62.8,67.0,62.25,63.9,315313
2019-09-22,64.9,68.0,64.5,66.15,495879
2019-09-23,65.95,68.6,65.3,67.6,1115394
2019-09-24,66.95,66.95,64.0,64.3,211033
2019-09-25,65.0,65.15,63.25,63.45,169739
2019-09-26,63.45,64.7,62.15,62.4,89547
2019-09-29,62.1,62.15,57.5,59.8,195845
2019-09-30,59.8,61.5,56.6,58.35,158271
2019-10-02,57.15,58.35,54.0,57.6,286446
2019-10-03,57.9,58.25,55.5,55.9,137525
2019-10-06,55.85,56.9,55.15,56.65,125603
2019-10-08,56.5,57.8,56.0,56.4,215996
2019-10-09,56.75,57.85,55.7,57.0,213960
2019-10-10,57.25,58.45,56.95,57.5,96326
2019-10-13,57.5,59.1,57.0,58.8,168087
2019-10-14,58.8,59.6,56.6,57.95,332886
2019-10-15,58.1,58.1,55.5,55.9,144177
2019-10-16,55.9,57.0,55.7,56.05,200667
2019-10-17,56.5,61.9,55.7,60.05,886146
2019-10-21,60.1,62.0,58.0,60.4,171970
2019-10-22,60.5,62.6,59.7,60.8,241687
2019-10-23,60.95,61.25,58.2,58.45,83132
2019-10-24,58.45,58.65,56.95,57.4,60275
2019-10-26,58.0,64.0,57.95,62.05,167670
2019-10-28,62.5,63.7,60.45,60.7,382774
2019-10-29,62.0,63.5,60.9,62.55,454754
2019-10-30,62.85,65.9,62.25,63.0,527127
2019-10-31,63.05,67.0,62.9,65.15,445199
2019-11-03,65.45,68.5,65.45,67.4,651247
2019-11-04,68.05,69.6,65.5,66.15,373418
2019-11-05,66.5,66.75,64.6,64.85,198910
2019-11-06,65.0,65.45,63.65,63.85,126839
2019-11-07,63.2,66.5,63.2,63.9,288171
2019-11-10,64.3,64.5,63.0,63.3,127067
2019-11-12,63.5,64.6,60.6,60.9,204368
2019-11-13,60.05,62.85,60.05,62.15,171580
2019-11-14,62.95,65.0,61.5,62.35,331565
2019-11-17,63.0,63.0,60.05,60.3,174058
2019-11-18,60.3,60.6,54.6,56.55,723273
2019-11-19,56.25,56.6,54.75,55.35,708542
2019-11-20,55.85,56.2,52.5,53.4,502458
2019-11-21,54.0,55.9,52.0,53.05,619893
2019-11-24,53.85,56.3,52.9,55.1,504235
2019-11-25,55.4,56.2,50.35,51.1,1785463
2019-11-26,52.85,53.0,51.3,51.7,517491
2019-11-27,51.6,52.55,51.4,51.8,257037
2019-11-28,51.65,52.8,51.05,51.65,308838
2019-12-01,51.8,53.4,51.2,51.4,234974
2019-12-02,51.4,51.75,50.05,50.25,214781
2019-12-03,50.85,50.95,49.7,50.0,234615
2019-12-04,50.0,51.55,49.65,49.9,247136
2019-12-05,50.0,50.8,47.45,47.75,225993
2019-12-08,48.85,48.9,47.1,47.45,147493
2019-12-09,48.5,49.85,47.45,48.1,348926
2019-12-10,48.0,50.75,42.0,49.1,1117296
2019-12-11,49.4,52.35,48.15,49.8,441515
2019-12-12,49.8,50.9,48.4,48.8,201083
2019-12-15,49.0,49.55,47.2,47.45,179045
2019-12-16,47.9,53.75,47.75,52.6,1163245
2019-12-17,53.3,54.65,52.3,53.25,420539
2019-12-18,53.0,54.25,52.05,53.4,219428
2019-12-19,54.0,54.45,52.5,53.5,216082
2019-12-22,53.85,54.1,50.7,51.15,236446
2019-12-23,51.6,52.4,50.15,50.7,155410
2019-12-25,51.85,52.0,50.15,50.35,91461
2019-12-26,50.35,52.4,49.8,51.1,167812
2019-12-29,50.6,52.9,50.6,52.3,158591
2019-12-30,52.3,58.5,52.25,55.75,1166223
2019-12-31,56.6,58.9,54.85,57.1,750815
2020-01-01,57.3,58.25,55.8,56.1,393477
2020-01-02,56.5,59.5,56.45,57.4,630522
2020-01-05,57.0,57.4,53.8,54.9,276616
2020-01-06,55.0,56.8,52.95,53.3,319522
2020-01-07,52.0,53.5,50.8,52.15,393159
2020-01-08,53.1,54.8,52.8,53.45,223401
2020-01-09,53.5,56.7,53.5,54.4,318177
2020-01-12,55.0,56.7,54.8,55.25,333535
2020-01-13,55.45,58.75,55.0,57.0,687146
2020-01-14,57.0,63.3,56.3,61.5,2189511
2020-01-15,61.8,63.9,61.15,61.9,641144
2020-01-16,63.4,63.4,61.0,61.25,291172
2020-01-19,62.45,62.45,58.5,58.95,201642
2020-01-20,58.5,59.4,57.75,58.2,145072
2020-01-21,60.4,60.4,58.15,58.55,129029
2020-01-22,58.55,59.9,58.1,58.6,132622
2020-01-23,59.3,59.5,57.45,58.5,186221
2020-01-26,57.65,58.15,57.25,57.4,78924
2020-01-27,57.5,57.95,56.4,56.75,174898
2020-01-28,56.55,57.45,56.0,56.5,147392
2020-01-29,56.5,57.75,55.0,55.2,259229
2020-01-30,56.35,56.4,54.0,54.25,181738
2020-01-31,54.8,56.2,52.6,53.4,160871
2020-02-02,52.0,53.4,52.0,52.65,110283
2020-02-03,53.0,54.6,52.1,53.05,358582
2020-02-04,54.3,54.75,52.55,54.25,189810
2020-02-05,53.9,56.15,53.7,54.0,114962
2020-02-06,54.65,54.65,53.05,53.7,85315
2020-02-09,53.35,54.25,51.8,52.15,126472
2020-02-10,52.05,53.4,52.0,52.35,66738
2020-02-11,52.0,53.15,51.75,52.35,57699
2020-02-12,52.5,53.8,52.0,52.7,94782
2020-02-13,53.9,55.3,52.1,52.5,242216
2020-02-16,52.6,53.15,51.5,51.75,108329
2020-02-17,51.2,52.1,49.5,50.25,169860
2020-02-18,50.4,51.7,50.2,50.9,105288
2020-02-19,51.05,53.25,51.05,52.05,83532
2020-02-23,51.5,52.0,49.45,49.9,99653
2020-02-24,49.95,51.0,49.25,50.0,93217
2020-02-25,50.7,50.7,48.2,48.7,137817
2020-02-26,49.0,50.5,47.75,47.95,85419
2020-02-27,47.95,47.95,45.4,46.0,269632
2020-03-01,46.5,52.0,44.6,45.7,195294
2020-03-02,46.95,47.8,45.6,46.85,104386
2020-03-03,46.6,46.9,44.2,45.55,119670
2020-03-04,46.5,46.6,45.55,46.0,309076
2020-03-05,43.0,45.6,43.0,43.7,301557
2020-03-08,43.5,44.55,38.55,40.65,300543
2020-03-10,41.0,41.0,37.0,38.95,381115
2020-03-11,38.8,38.8,34.3,36.6,310122
2020-03-12,31.8,43.9,29.3,35.45,438818
2020-03-15,33.6,37.65,32.4,34.2,166420
2020-03-16,34.3,35.9,32.8,33.55,166461
2020-03-17,35.75,35.8,26.85,30.9,308541
2020-03-18,30.85,30.85,27.2,28.2,286336
2020-03-19,28.05,30.45,28.05,29.4,158174
2020-03-22,28.0,34.35,24.5,24.85,208933
2020-03-23,24.5,26.45,22.4,24.85,137942
2020-03-24,26.5,26.5,22.5,25.2,80109
2020-03-25,25.8,26.8,22.7,24.6,197985
2020-03-26,25.8,26.8,25.0,25.8,137316
2020-03-29,25.1,26.45,23.25,23.85,235573
2020-03-30,24.8,25.0,24.0,24.95,166148
2020-03-31,25.85,25.85,23.35,23.75,219114
2020-04-02,24.55,24.55,23.25,24.25,108521
2020-04-06,25.15,25.75,24.65,25.35,338369
2020-04-07,25.5,27.85,25.4,27.8,410180
2020-04-08,30.0,32.0,28.55,31.1,353791
2020-04-12,35.45,36.0,30.45,31.35,364362
2020-04-14,32.3,33.4,30.85,31.7,244620
2020-04-15,31.75,33.65,31.35,32.85,200846
2020-04-16,34.4,35.75,33.6,35.0,567272
2020-04-19,37.0,39.0,35.6,38.3,441455
2020-04-20,36.6,37.2,34.5,34.8,219394
2020-04-21,35.1,36.4,34.35,35.25,131681
2020-04-22,36.5,37.45,34.8,35.1,169495
2020-04-23,35.1,35.15,33.3,34.0,113546
2020-04-26,33.3,35.0,33.3,33.75,141399
2020-04-27,33.95,35.0,33.6,34.25,239527
2020-04-28,35.8,36.4,34.2,34.35,208020
2020-04-29,34.55,35.6,33.85,34.15,217480
2020-05-03,33.5,34.0,31.6,32.0,166409
2020-05-04,32.2,34.5,31.5,31.75,114192
2020-05-05,31.8,32.95,30.9,31.4,86034
2020-05-06,31.95,31.95,31.0,31.15,49830
2020-05-07,31.8,32.0,30.0,30.35,111093
2020-05-10,30.9,31.5,30.25,31.05,75745
2020-05-11,31.4,31.4,29.6,29.95,86165
2020-05-12,32.55,32.55,27.45,30.55,241370
2020-05-13,30.55,31.6,30.15,30.4,89253
2020-05-14,30.2,30.8,30.0,30.25,61975
2020-05-17,30.8,30.8,28.2,29.05,87696
2020-05-18,29.75,29.75,28.0,28.45,62339
2020-05-19,30.0,30.0,28.3,28.9,80723
2020-05-20,29.1,29.45,28.3,28.55,118427
2020-05-21,28.3,28.8,27.8,28.05,104826
2020-05-25,28.0,29.5,27.6,29.4,74943
2020-05-26,30.4,30.5,28.45,28.7,144746
2020-05-27,29.15,29.35,27.8,29.05,168274
2020-05-28,29.05,30.2,28.8,29.3,236295
2020-05-31,29.9,35.1,29.9,34.35,744286
2020-06-01,34.8,36.0,34.35,35.2,581720
2020-06-02,35.95,37.0,34.95,35.65,386489
2020-06-03,35.65,36.9,35.1,35.3,139623
2020-06-04,35.95,37.5,35.5,36.15,750285
2020-06-07,37.25,38.4,36.75,37.0,657735
2020-06-08,38.4,38.4,35.3,35.7,341145
2020-06-09,36.0,42.0,35.5,41.2,1032070
2020-06-10,41.7,42.8,39.0,40.0,710411
2020-06-11,36.6,40.0,35.95,39.55,457037
2020-06-14,39.55,40.05,38.0,39.05,198899
2020-06-15,40.0,40.4,36.7,37.75,286045
2020-06-16,37.0,38.0,36.75,37.0,319897
2020-06-17,37.5,43.45,35.0,40.75,4861250
2020-06-18,41.8,42.7,40.2,40.4,1079603
2020-06-21,40.95,41.5,39.25,39.75,577921
2020-06-22,39.8,43.9,39.75,41.85,3100127
2020-06-23,42.5,43.5,39.5,39.9,755108
2020-06-24,39.75,40.7,39.1,39.75,281384
2020-06-25,40.85,41.4,39.45,39.7,430325
2020-06-28,39.95,40.5,38.7,39.15,293144
2020-06-29,39.0,39.35,37.1,37.45,829707
2020-06-30,37.0,38.6,37.0,38.0,280448
2020-07-01,38.5,38.7,37.2,37.35,249052
2020-07-02,37.5,40.65,36.85,39.45,1157049
2020-07-05,40.0,40.5,39.15,39.8,482846
2020-07-06,40.3,41.9,39.7,40.6,643630
2020-07-07,40.5,41.5,39.65,40.05,363488
2020-07-08,40.6,40.6,39.1,39.35,233003
2020-07-09,39.25,39.9,38.0,38.4,286363
2020-07-12,38.95,39.65,37.15,37.65,188649
2020-07-13,38.0,38.0,37.0,37.15,153976
2020-07-14,37.9,38.75,37.5,37.9,217990
2020-07-15,38.2,38.3,37.2,37.55,199480
2020-07-16,37.6,38.5,37.5,37.7,177109
2020-07-19,38.4,38.4,37.15,37.25,166066
2020-07-20,37.95,41.1,37.5,40.35,1244111
2020-07-21,40.5,43.25,38.65,40.65,3008468
2020-07-22,40.8,41.85,39.2,41.05,1040573
2020-07-23,40.7,40.7,39.25,39.65,316175
2020-07-26,39.5,39.95,36.7,38.5,537270
2020-07-27,38.0,39.3,37.55,38.45,440216
2020-07-28,38.2,39.35,38.0,38.15,155173
2020-07-29,38.3,38.7,37.6,37.85,149004
2020-07-30,37.95,38.2,36.15,36.6,459682
2020-08-02,37.0,37.6,35.8,36.05,334776
2020-08-03,36.75,37.45,36.2,37.0,300002
2020-08-04,37.1,38.4,37.1,37.35,203721
2020-08-05,37.85,38.95,37.55,37.95,326841
2020-08-06,38.4,41.0,38.05,39.35,1008625
2020-08-09,39.9,40.9,39.2,39.95,438047
2020-08-10,40.25,40.6,39.05,39.4,268486
2020-08-11,39.7,39.7,38.5,38.75,190671
2020-08-12,38.4,39.75,38.2,38.5,372177
2020-08-13,38.75,40.25,38.0,38.4,276918
2020-08-16,38.8,39.7,38.5,38.8,370004
2020-08-17,39.9,43.25,39.45,41.9,4406651
2020-08-18,43.0,46.5,42.95,45.05,4949003
2020-08-19,44.8,47.2,43.55,45.9,1319942
2020-08-20,47.0,47.4,44.9,45.2,920877
2020-08-23,46.45,47.8,46.0,46.85,1773957
2020-08-24,47.55,48.5,46.2,47.55,906519
2020-08-25,47.9,48.0,45.55,46.2,903721
2020-08-26,46.65,46.7,45.0,45.15,488114
2020-08-27,45.9,46.05,44.55,44.8,462350
2020-08-30,46.2,46.5,39.05,42.05,887682
2020-08-31,42.4,42.45,40.0,41.0,259655
2020-09-01,41.0,43.0,41.0,42.1,242970
2020-09-02,42.4,43.3,41.5,42.05,167837
2020-09-03,41.95,42.0,40.2,41.05,328113
2020-09-06,41.85,41.85,39.5,40.25,262474
2020-09-07,41.0,41.0,39.8,40.05,138063
2020-09-08,39.5,39.9,38.25,38.95,260738
2020-09-09,39.9,40.1,38.45,38.85,338500
2020-09-10,39.2,39.9,38.4,38.85,268867
2020-09-13,40.05,40.85,38.6,38.95,646378
2020-09-14,39.05,42.5,39.05,41.7,1216138
2020-09-15,42.3,42.8,40.8,41.5,465662
2020-09-16,41.5,42.0,40.35,40.95,206675
2020-09-17,40.95,41.75,39.55,39.7,675998
2020-09-20,39.7,40.0,38.0,38.05,378924
2020-09-21,38.0,38.4,36.5,36.85,324986
2020-09-22,37.85,37.85,35.9,36.3,246308
2020-09-23,36.1,36.95,35.25,35.9,244677
2020-09-24,37.7,37.7,36.0,36.45,309046
2020-09-27,37.0,37.45,36.3,36.65,343337
2020-09-28,36.8,37.8,36.25,36.75,324707
2020-09-29,37.4,37.5,36.5,36.7,127622
2020-09-30,37.3,37.75,36.7,37.25,369179
2020-10-04,39.0,39.45,38.25,38.6,744664
2020-10-05,39.5,41.9,38.6,41.4,1309040
2020-10-06,41.7,43.9,40.25,42.15,2167703
2020-10-07,43.5,43.5,41.1,41.75,462624
2020-10-08,42.0,42.4,40.85,41.7,323110
2020-10-11,41.7,42.65,40.1,40.5,327454
2020-10-12,41.1,41.3,39.8,40.45,224841
2020-10-13,40.25,40.75,39.1,39.35,298915
2020-10-14,39.9,40.0,38.5,38.75,165407
2020-10-15,38.65,38.95,37.6,37.9,584104
2020-10-18,37.7,39.5,37.7,38.25,675110
2020-10-19,38.3,38.8,37.9,38.0,531521
2020-10-20,38.45,38.55,37.7,37.95,390284
2020-10-21,38.3,38.85,37.5,38.45,211545
2020-10-22,38.55,39.6,38.5,39.05,514090
2020-10-25,39.5,39.95,39.0,39.25,236314
2020-10-26,39.1,39.5,38.7,39.05,320560
2020-10-27,39.5,39.5,37.5,37.8,203415
2020-10-28,37.5,37.9,37.05,37.25,493999
2020-10-29,37.8,38.0,37.1,37.4,461094
2020-11-01,37.5,38.7,37.25,38.2,355433
2020-11-02,38.7,39.25,38.05,38.75,558432
2020-11-03,38.7,39.1,38.25,38.45,384391
2020-11-04,39.4,39.4,38.05,38.65,575539
2020-11-05,38.9,39.4,38.5,38.85,487379
2020-11-08,39.2,40.0,38.85,39.55,690879
2020-11-09,39.95,40.5,39.5,40.2,620926
2020-11-10,40.05,40.8,37.65,38.7,765293
2020-11-11,38.75,39.55,38.4,39.05,492704
2020-11-12,39.4,40.95,39.4,40.5,1035405
2020-11-13,41.2,41.25,40.5,40.85,318494
2020-11-16,41.65,42.0,40.7,41.65,660233
2020-11-17,41.95,42.9,41.8,42.15,598665
2020-11-18,42.0,43.15,41.75,42.15,575435
2020-11-19,42.5,46.0,42.1,44.5,1325541
2020-11-22,44.9,46.6,43.7,44.15,1011200
2020-11-23,45.4,46.0,44.2,45.45,1101663
2020-11-24,45.75,47.0,44.55,44.85,1102054
2020-11-25,44.55,45.85,44.55,45.25,332000
2020-11-26,45.65,46.4,45.05,45.3,393725
2020-11-30,45.65,46.5,45.5,46.35,683461
2020-12-01,46.8,49.25,46.1,46.75,2261759
2020-12-02,47.2,50.5,46.95,50.0,2065777
2020-12-03,50.55,52.0,47.95,49.2,1920049
2020-12-06,50.0,50.6,48.6,48.9,872652
2020-12-07,49.0,50.75,47.5,49.0,1182662
2020-12-08,49.9,50.4,48.3,48.65,586810
2020-12-09,48.6,50.2,47.0,48.4,678799
2020-12-10,48.5,49.45,47.8,48.05,646008
2020-12-13,48.8,49.0,45.6,46.2,1038449
2020-12-14,46.5,48.0,46.05,47.3,481759
2020-12-15,47.85,48.8,47.35,48.2,496660
2020-12-16,48.5,49.95,48.1,48.8,835608
2020-12-17,48.8,49.25,47.2,47.9,365618
2020-12-20,48.3,48.95,44.1,45.0,697862
2020-12-21,44.15,46.2,42.0,45.3,527262
2020-12-22,45.9,47.8,45.4,47.25,401837
2020-12-23,47.85,48.0,46.25,47.0,274653
2020-12-27,47.5,48.25,46.65,47.45,307272
2020-12-28,47.8,49.8,47.5,48.55,785139
2020-12-29,48.9,50.85,48.2,49.8,2113496
2020-12-30,51.0,51.0,48.7,49.3,567467
2020-12-31,49.8,50.35,49.15,49.45,380430
2021-01-03,50.25,53.5,50.0,52.55,2154172
2021-01-04,52.25,53.25,51.05,52.25,905171
2021-01-05,52.5,53.3,50.0,50.9,1044084
2021-01-06,51.8,58.0,50.7,56.65,5282566
2021-01-07,57.3,59.2,55.2,56.75,2054490
2021-01-10,57.25,57.35,54.5,55.7,1033302
2021-01-11,54.8,57.0,54.35,55.25,720130
2021-01-12,55.65,57.0,52.8,53.85,956765
2021-01-13,54.1,56.0,53.5,54.5,331682
2021-01-14,54.6,54.75,52.9,53.15,420270
2021-01-17,53.15,53.95,50.15,52.1,602227
2021-01-18,52.45,53.3,51.0,52.25,495808
2021-01-19,52.65,53.65,52.5,52.6,410062
2021-01-20,53.1,53.4,51.0,51.75,563265
2021-01-21,51.65,53.45,51.1,51.4,342951
2021-01-24,51.85,52.05,49.65,50.4,492128
2021-01-26,50.3,52.25,49.0,51.65,329992
2021-01-27,51.25,52.35,50.15,52.0,225349
2021-01-28,52.0,52.6,50.9,52.1,342855
2021-01-31,52.0,53.35,51.45,52.65,406255
2021-02-01,52.9,54.0,50.65,51.1,258829
2021-02-02,51.6,53.6,51.6,52.6,447856
2021-02-03,52.7,53.85,51.25,53.05,271819
2021-02-04,53.05,54.8,52.55,53.15,399109
2021-02-07,53.45,55.6,53.25,53.95,718997
2021-02-08,54.5,55.75,53.65,54.6,828142
2021-02-09,55.1,55.45,54.0,54.25,240834
2021-02-10,54.25,57.05,54.25,56.4,1206358
2021-02-11,56.85,57.65,53.15,54.8,622983
2021-02-14,53.65,54.25,50.65,52.05,945233
2021-02-15,52.8,52.85,51.3,51.55,371186
2021-02-16,52.2,53.0,51.5,52.65,546151
2021-02-17,53.55,56.45,53.15,55.4,1186814
2021-02-18,55.45,56.75,54.8,55.75,1170934
2021-02-21,55.8,56.1,52.1,52.95,783935
2021-02-22,53.4,55.2,52.5,54.15,738444
2021-02-23,55.5,55.7,52.3,54.65,363912
2021-02-24,56.0,58.4,55.15,57.55,1373986
2021-02-25,57.25,58.2,55.9,56.35,770557
2021-02-28,60.0,60.9,56.65,59.75,1762787
2021-03-01,59.95,61.5,58.3,59.15,813396
2021-03-02,59.3,62.2,59.1,59.75,982433
2021-03-03,59.2,64.2,58.25,63.2,1423928
2021-03-04,63.0,64.55,60.0,60.75,682145
2021-03-07,60.75,64.0,59.2,62.5,1651517
2021-03-08,62.55,63.0,59.2,60.15,702319
2021-03-09,60.75,61.3,58.25,59.0,587050
2021-03-11,59.5,61.5,55.75,56.5,1018491
2021-03-14,57.05,57.75,55.0,57.0,468515
2021-03-15,57.75,58.4,56.65,58.05,643005
2021-03-16,61.9,61.9,58.2,58.6,1025126
2021-03-17,59.0,59.8,55.25,55.8,461313
2021-03-18,55.05,57.9,52.3,57.1,423513
2021-03-21,57.9,57.95,55.0,55.65,267212
2021-03-22,55.9,60.0,55.9,58.85,2144615
2021-03-23,59.0,61.8,58.1,60.5,2186912
2021-03-24,61.6,63.4,58.1,58.9,1418710
2021-03-25,59.75,60.9,59.25,60.1,556308
2021-03-29,60.6,60.75,59.0,59.8,483738
2021-03-30,58.85,62.9,58.75,60.55,1114329
2021-03-31,61.0,62.95,60.2,61.9,1127767
2021-04-04,62.5,66.7,60.65,65.35,2702816
2021-04-05,65.8,69.7,65.65,69.2,2393189
2021-04-06,69.4,70.0,67.15,67.55,1112836
2021-04-07,68.0,69.4,65.1,66.9,708836
2021-04-08,67.0,70.95,66.95,70.2,1548507
2021-04-11,68.95,68.95,64.0,64.9,1465869
2021-04-12,65.0,66.9,64.25,65.5,576818
2021-04-14,65.95,75.9,64.5,74.0,3229862
2021-04-15,73.9,76.9,71.1,75.15,2370047
2021-04-18,74.4,77.0,69.05,73.8,2971423
2021-04-19,75.5,77.75,72.9,74.1,2143410
2021-04-21,73.2,76.8,73.2,74.55,735068
2021-04-22,74.7,79.2,74.0,76.85,2133184
2021-04-25,78.7,82.7,78.6,79.6,1836872
2021-04-26,80.2,80.2,77.3,77.75,604742
2021-04-27,78.3,80.0,78.0,78.45,564518
2021-04-28,79.1,81.0,76.6,77.05,662422
2021-04-29,76.0,77.8,75.0,75.4,482412
2021-05-02,75.0,79.95,74.3,78.8,750044
2021-05-03,79.5,82.5,76.25,76.6,875273
2021-05-04,77.5,79.5,76.8,76.95,523344
2021-05-05,77.6,78.4,75.0,77.55,742166
2021-05-06,78.2,84.3,78.15,82.75,2880447
2021-05-09,83.55,85.4,82.3,83.9,1249655
2021-05-10,83.35,86.3,82.45,83.95,1874486
2021-05-11,84.7,85.7,81.45,82.15,688229
2021-05-13,82.9,83.45,78.25,79.15,732767
2021-05-16,80.15,80.75,77.9,79.2,585337
2021-05-17,80.6,84.0,80.45,81.95,1128988
2021-05-18,81.8,83.5,80.35,80.8,585755
2021-05-19,82.25,84.8,81.35,81.6,1201168
2021-05-20,82.4,82.9,79.7,80.0,599143
2021-05-23,80.5,81.65,79.55,79.85,461774
2021-05-24,81.0,81.45,80.0,80.6,472511
2021-05-25,81.25,85.8,80.65,83.65,1932310
2021-05-26,83.95,89.8,82.75,88.7,3717512
2021-05-27,89.6,92.35,86.5,87.05,4971614
2021-05-30,88.25,88.9,81.35,82.35,2461737
2021-05-31,82.9,84.8,81.15,82.9,960779
2021-06-01,82.7,86.0,81.3,85.2,1284564
2021-06-02,86.15,87.55,86.0,86.25,1032722
2021-06-03,86.8,87.25,84.6,85.15,591826
2021-06-06,85.65,88.6,85.25,86.3,817326
2021-06-07,86.7,86.9,84.3,85.2,459229
2021-06-08,85.4,88.05,82.7,84.35,1025874
2021-06-09,84.65,86.0,84.65,85.05,349160
2021-06-10,85.75,88.7,84.5,86.25,1377562
2021-06-13,86.4,86.5,84.25,85.75,533852
2021-06-14,85.9,87.4,85.2,85.8,570055
2021-06-15,85.5,87.3,84.6,84.8,611617
2021-06-16,84.3,85.7,83.25,83.85,535766
2021-06-17,84.45,87.45,82.3,86.1,1800236
2021-06-20,84.9,87.5,83.3,85.45,645524
2021-06-21,86.4,87.0,85.0,85.75,538659
2021-06-22,86.4,86.45,84.5,84.9,341626
2021-06-23,85.5,86.95,84.55,84.95,631210
2021-06-24,85.4,85.55,84.1,84.5,269159
2021-06-27,84.95,85.7,84.3,84.7,348133
2021-06-28,85.35,90.8,84.75,89.3,3490134
2021-06-29,90.2,94.5,90.1,90.8,4571156
2021-06-30,91.9,91.9,88.7,89.4,682264
2021-07-01,89.9,91.0,87.7,89.9,1069336
2021-07-04,90.7,90.7,88.0,88.45,506352
2021-07-05,88.9,91.0,85.55,86.75,611242
2021-07-06,86.85,87.5,84.85,85.55,462668
2021-07-07,85.5,86.45,84.35,85.25,554715
2021-07-08,85.2,85.9,84.4,85.2,307477
2021-07-11,85.9,87.5,84.95,86.2,990576
2021-07-12,86.25,87.0,85.65,86.2,419666
2021-07-13,86.5,86.95,84.8,85.2,474366
2021-07-14,85.6,85.95,83.6,84.0,429107
2021-07-15,84.1,84.65,83.1,83.6,401634
2021-07-18,83.2,84.3,82.5,83.75,372125
2021-07-19,83.5,85.85,80.5,81.9,559893
2021-07-21,82.7,84.0,81.8,83.05,398108
2021-07-22,83.6,83.95,82.15,82.65,409788
2021-07-25,82.5,83.75,82.1,83.1,350939
2021-07-26,83.5,84.35,82.25,82.5,375105
2021-07-27,82.6,83.0,79.8,80.7,601776
2021-07-28,80.2,82.25,79.5,79.8,682694
2021-07-29,79.8,83.4,79.3,82.25,816471
2021-08-01,81.3,83.85,81.3,81.65,629305
2021-08-02,82.15,83.9,81.9,83.5,532082
2021-08-03,83.95,85.6,81.4,82.55,731778
2021-08-04,85.0,89.45,85.0,88.45,5044539
2021-08-05,88.8,90.45,87.1,87.85,1962519
2021-08-08,87.9,88.8,86.5,86.65,489042
2021-08-09,86.95,88.0,82.15,83.1,663688
2021-08-10,83.25,83.5,75.35,79.25,952598
2021-08-11,79.9,83.4,79.9,82.65,414995
2021-08-12,82.9,86.0,81.25,82.35,771313
2021-08-15,82.25,82.25,79.5,79.7,353017
2021-08-16,79.35,80.55,76.6,77.15,426266
2021-08-17,77.55,78.1,71.55,72.25,1036285
2021-08-19,73.5,75.6,72.25,72.75,892032
2021-08-22,73.85,74.45,67.05,67.7,881311
2021-08-23,68.5,72.65,67.75,71.45,671158
2021-08-24,71.45,74.85,71.45,71.95,1024280
2021-08-25,72.15,74.45,71.25,72.15,564199
2021-08-26,71.65,76.95,71.5,74.3,1640780
2021-08-29,74.7,78.75,73.1,73.7,1324675
2021-08-30,74.1,76.65,74.0,74.75,1579512
2021-08-31,75.2,75.75,73.2,73.75,381454
2021-09-01,74.1,74.55,72.95,73.7,377498
2021-09-02,74.2,75.05,71.8,72.15,608439
2021-09-05,72.7,73.15,72.0,72.15,418177
2021-09-06,72.6,72.9,71.7,72.0,283641
2021-09-07,72.0,72.5,71.25,71.7,337673
2021-09-08,71.1,72.4,70.75,70.95,517212
2021-09-12,70.95,71.8,70.4,70.65,302343
2021-09-13,71.3,73.3,71.0,72.25,593971
2021-09-14,72.75,72.8,72.0,72.45,282344
2021-09-15,72.45,73.8,71.85,72.15,481511
2021-09-16,72.8,74.7,70.4,74.1,1128268
2021-09-19,74.75,74.75,71.75,72.35,378787
2021-09-20,71.05,72.1,69.7,70.5,404102
2021-09-21,71.8,72.45,71.0,71.2,306022
2021-09-22,72.2,72.35,71.1,71.4,466599
2021-09-23,71.75,72.95,71.45,71.9,702388
2021-09-26,72.5,72.9,71.0,71.65,277324
2021-09-27,72.0,72.0,69.85,70.15,569889
2021-09-28,69.95,71.05,69.8,69.95,454028
2021-09-29,70.35,72.9,70.05,71.7,974160
2021-09-30,71.3,71.7,70.3,70.85,239067
2021-10-03,71.2,71.75,70.75,71.0,287181
2021-10-04,71.0,71.9,70.6,71.5,460064
2021-10-05,71.75,72.6,70.0,70.35,736477
2021-10-06,71.0,71.45,70.6,70.85,279500
2021-10-07,71.0,71.8,70.5,70.9,218006
2021-10-10,71.35,71.5,69.35,69.95,543538
2021-10-11,70.0,75.3,69.95,72.25,3088825
2021-10-12,72.85,78.0,72.7,76.5,2809789
2021-10-13,77.2,78.25,75.15,75.95,878324
2021-10-17,76.5,76.8,74.1,74.3,597464
2021-10-18,74.8,77.65,74.0,74.75,913105
2021-10-19,74.95,74.95,71.5,72.45,457669
2021-10-20,73.1,74.0,71.1,72.0,359565
2021-10-21,72.0,73.75,70.7,71.95,408584
2021-10-24,71.9,72.3,70.0,70.55,340218
2021-10-25,70.9,72.5,70.9,71.7,334013
2021-10-26,71.9,72.5,71.5,71.75,269025
2021-10-27,71.5,71.65,69.4,69.75,459278
2021-10-28,69.05,70.55,67.2,69.25,371221
2021-10-31,70.25,70.55,68.25,68.95,354433
2021-11-01,69.5,70.5,69.15,69.45,298643
2021-11-02,69.8,71.6,69.5,70.55,705536
2021-11-03,71.1,72.95,70.7,72.05,213068
2021-11-07,72.7,73.25,71.05,71.95,506862
2021-11-08,72.15,72.5,71.5,71.9,264336
2021-11-09,71.9,72.3,71.0,71.2,495695
2021-11-10,71.45,72.25,70.2,70.65,421604
2021-11-11,71.3,77.1,70.25,75.3,3559040
2021-11-14,76.3,78.15,75.3,76.85,2008527
2021-11-15,77.0,79.4,75.2,77.25,2352113
2021-11-16,77.5,92.7,76.25,85.5,16450376
2021-11-17,86.95,87.7,79.15,79.85,4035695
2021-11-21,80.5,84.4,78.85,80.85,3177128
2021-11-22,81.2,83.25,79.6,80.25,1783110
2021-11-23,80.95,84.95,80.7,81.9,2191412
2021-11-24,81.95,83.5,81.05,82.1,1107661
2021-11-25,80.95,82.0,76.5,77.6,1185727
2021-11-28,76.2,77.45,73.6,74.15,1040602
2021-11-29,75.0,77.8,73.1,73.45,747730
2021-11-30,74.25,77.35,73.6,76.3,718046
2021-12-01,76.35,76.9,74.6,75.05,477664
2021-12-02,75.5,79.3,75.05,76.65,1116965
2021-12-05,77.1,77.4,73.9,74.65,786880
2021-12-06,75.35,76.35,72.75,73.0,1294799
2021-12-07,73.7,74.6,71.7,72.0,1262411
2021-12-08,73.15,73.85,71.65,72.35,1044993
2021-12-09,72.4,75.5,72.15,74.1,1611611
2021-12-12,74.9,79.0,74.35,78.0,2833746
2021-12-13,77.9,80.8,77.0,80.2,2146726
2021-12-14,80.6,81.7,76.65,77.05,1129066
2021-12-15,77.95,78.4,74.75,75.05,886410
2021-12-16,75.0,75.25,72.9,73.2,748558
2021-12-19,71.7,71.7,69.15,70.3,884567
2021-12-20,71.9,72.8,70.65,71.3,496384
2021-12-21,72.3,72.95,70.2,70.75,586637
2021-12-22,71.55,72.5,70.8,71.15,506868
2021-12-23,71.75,73.65,70.9,71.15,969570
2021-12-26,71.15,72.0,70.15,70.95,429473
2021-12-27,71.65,73.3,71.35,72.0,557396
2021-12-28,72.0,72.8,71.55,71.9,345093
2021-12-29,71.2,75.75,71.2,73.55,1144977
2021-12-30,76.9,77.25,75.4,76.0,1549719
2022-01-02,76.6,78.0,75.45,76.8,1070527
2022-01-03,77.0,78.1,74.6,77.0,1412537
2022-01-04,78.45,78.45,76.0,76.3,571150
2022-01-05,75.4,79.15,75.2,77.35,914888
2022-01-06,77.7,79.3,76.75,77.65,1419968
2022-01-09,78.0,80.75,77.15,77.85,1374368
2022-01-10,78.15,79.0,76.95,77.7,975619
2022-01-11,77.8,79.7,77.4,77.9,1085489
2022-01-12,78.0,79.25,76.8,77.6,800525
2022-01-13,77.35,78.8,76.2,77.8,681738
2022-01-16,78.9,85.5,77.8,84.25,3918299
2022-01-17,85.25,86.95,81.55,82.3,2257620
2022-01-18,81.95,84.0,78.2,83.65,1059616
2022-01-19,84.2,91.75,83.2,88.7,7563487
2022-01-20,88.0,94.0,84.6,86.2,6025875
2022-01-23,87.05,89.9,80.2,82.8,4576422
2022-01-24,82.7,88.8,79.45,87.55,2533248
2022-01-26,85.4,88.6,84.35,87.65,1997780
2022-01-27,88.4,93.5,86.05,86.75,3828703
2022-01-30,87.8,88.9,83.6,84.7,1717901
2022-01-31,85.3,85.7,81.6,83.1,1819536
2022-02-01,83.8,85.6,83.05,83.35,1395717
2022-02-02,83.85,84.0,81.35,82.55,1212485
2022-02-03,82.8,87.65,82.55,84.95,1809372
2022-02-06,79.75,80.4,75.0,79.0,5301571
2022-02-07,79.65,81.35,77.25,77.75,2863541
2022-02-08,78.3,80.7,77.55,79.55,1344491
2022-02-09,79.55,79.75,75.25,77.1,804497
2022-02-10,76.75,77.3,73.25,74.2,921390
2022-02-13,73.9,77.0,72.25,74.95,2034254
2022-02-14,74.95,76.35,71.25,75.0,1288286
2022-02-15,75.6,80.55,74.8,77.7,1917563
2022-02-16,77.7,78.85,75.95,76.3,557982
2022-02-17,76.0,77.2,74.5,74.95,556703
2022-02-20,75.65,75.65,72.0,72.4,538262
2022-02-21,71.05,71.9,69.7,70.9,689825
2022-02-22,71.05,73.0,71.05,71.65,334149
2022-02-23,68.0,70.55,63.0,64.65,1360704
2022-02-24,66.8,69.45,66.8,67.85,752739
2022-02-27,68.25,69.2,67.2,68.35,463511
2022-03-01,68.8,71.35,66.75,67.45,753103
2022-03-02,68.4,75.5,68.05,73.45,2055094
2022-03-03,72.95,76.2,71.0,72.45,1158041
2022-03-06,70.0,70.95,68.0,68.6,536404
2022-03-07,66.55,71.25,66.55,70.35,575748
2022-03-08,69.9,72.9,69.9,72.35,679579
2022-03-09,74.1,75.35,72.5,72.9,741614
2022-03-10,72.9,73.9,72.0,72.25,419299
2022-03-13,72.45,73.15,71.3,71.75,443546
2022-03-14,72.0,74.5,70.1,71.25,942521
2022-03-15,73.0,73.1,70.55,70.95,495692
2022-03-16,72.0,73.2,71.4,72.0,801698
2022-03-20,73.5,74.5,72.0,72.25,642904
2022-03-21,73.0,73.0,70.5,70.9,578427
2022-03-22,71.7,72.0,69.75,70.0,682613
2022-03-23,70.0,71.0,68.75,69.75,1216876
2022-03-24,70.75,71.0,69.15,69.55,921762
2022-03-27,69.55,70.0,65.9,66.25,1296683
2022-03-28,67.05,67.55,64.9,65.3,1306807
2022-03-29,66.6,66.65,65.25,65.65,1066323
2022-03-30,65.65,65.65,63.6,63.9,1140581
2022-03-31,63.9,71.2,63.85,69.75,2183091
2022-04-03,69.1,72.7,69.1,70.15,1419204
2022-04-04,70.55,72.25,70.5,71.35,1293616
2022-04-05,70.8,72.5,69.65,71.5,1558373
2022-04-06,73.4,82.2,73.0,79.1,8113849
2022-04-07,79.6,84.1,79.1,83.05,3338592
2022-04-10,84.25,88.4,83.5,84.55,6480743
2022-04-11,84.55,84.65,81.0,82.45,2251233
2022-04-12,82.95,85.75,80.1,83.55,2152620
2022-04-17,83.9,90.2,82.0,88.0,4109180
2022-04-18,89.0,98.7,89.0,91.15,15108687
2022-04-19,92.95,97.9,91.0,96.3,5648099
2022-04-20,99.0,104.3,98.55,101.5,10165559
2022-04-21,99.8,103.7,98.0,99.8,3113147
2022-04-24,100.1,105.2,97.0,98.95,4535905
2022-04-25,100.7,101.65,97.0,98.05,1949283
2022-04-26,97.7,99.4,91.05,98.2,2968505
2022-04-27,99.0,99.2,95.25,95.65,1008354
2022-04-28,95.95,99.2,92.15,96.3,2264719
2022-05-01,95.65,99.0,91.95,94.2,2138364
2022-05-03,96.9,98.0,91.5,92.8,1535402
2022-05-04,94.4,108.0,93.5,104.25,12439690
2022-05-05,100.0,103.8,99.0,101.05,6005005
2022-05-08,100.5,109.4,98.05,106.15,7787813
2022-05-09,106.2,108.5,97.7,98.9,3632169
2022-05-10,100.75,102.85,90.05,95.5,3424103
2022-05-11,94.7,95.2,88.0,89.55,1859402
2022-05-12,92.0,95.3,89.5,90.55,1875634
2022-05-15,91.25,93.65,86.5,87.5,1432352
2022-05-16,87.95,95.35,87.95,94.25,3285806
2022-05-17,95.0,97.25,93.0,94.8,2223874
2022-05-18,91.9,94.45,90.2,93.7,1610892
2022-05-19,96.8,100.3,95.25,99.25,3462171
2022-05-22,100.0,100.3,96.75,97.3,1385921
2022-05-23,97.4,97.7,90.7,91.85,2643789
2022-05-24,92.8,95.3,89.0,90.85,2388678
2022-05-25,91.65,93.95,88.3,93.25,2126622
2022-05-26,93.95,95.8,92.3,94.3,1786722
2022-05-29,100.1,103.75,98.15,103.05,5865721
2022-05-30,102.9,104.85,101.25,103.35,3246459
2022-05-31,104.25,109.7,102.8,104.1,4584910
2022-06-01,104.3,104.5,99.6,100.75,2561436
2022-06-02,102.0,104.0,100.75,101.35,1752429
2022-06-05,101.8,104.45,95.7,103.3,2266034
2022-06-06,103.5,112.0,102.7,107.7,12100363
2022-06-07,108.8,109.4,105.3,106.15,2801870
2022-06-08,105.95,116.7,104.2,115.7,10844608
2022-06-09,114.5,117.65,113.2,116.05,7875976
2022-06-12,112.0,112.95,103.05,104.3,6362876
2022-06-13,104.0,108.4,102.4,104.0,3910585
2022-06-14,105.45,107.7,101.45,102.1,3999604
2022-06-15,104.2,104.8,96.0,96.7,6349202
2022-06-16,95.6,100.7,93.65,98.65,3648033
2022-06-19,99.6,101.25,88.85,91.65,4958924
2022-06-20,93.3,99.35,93.25,97.75,3691096
2022-06-21,97.5,101.2,96.25,100.05,4174347
2022-06-22,100.9,102.75,98.15,101.3,4697191
2022-06-23,102.15,104.65,100.6,102.7,3365700
2022-06-26,104.0,105.25,101.9,104.45,2619442
2022-06-27,103.2,107.45,102.7,105.65,3400969
2022-06-28,104.0,107.2,103.2,104.9,1889998
2022-06-29,105.5,109.0,102.05,103.0,3308472
2022-06-30,103.0,105.7,100.05,104.55,1852217
2022-07-03,105.4,107.2,104.15,106.6,2177575
2022-07-04,107.45,107.75,103.3,103.95,1675276
2022-07-05,104.65,107.0,103.65,106.65,2065440
2022-07-06,107.45,112.7,107.35,109.8,5355744
2022-07-07,111.1,112.4,108.6,110.55,2202924
2022-07-10,110.0,115.75,109.1,114.55,3859578
2022-07-11,113.9,116.7,113.15,113.9,2828357
2022-07-12,114.7,114.75,108.85,109.6,2211143
2022-07-13,110.2,111.25,106.55,108.5,2326776
2022-07-14,109.05,109.85,107.0,109.05,1939555
2022-07-17,109.95,112.35,109.4,111.25,2068403
2022-07-18,111.6,113.35,110.55,111.7,1598894
2022-07-19,112.7,114.7,109.5,110.3,2404657
2022-07-20,110.9,110.9,103.25,104.55,3488540
2022-07-21,105.3,105.35,101.0,102.2,1974516
2022-07-24,102.0,103.85,98.5,103.25,2647144
2022-07-25,103.8,103.8,99.45,100.3,1206956
2022-07-26,100.0,102.7,99.05,101.7,1644567
2022-07-27,102.1,103.4,100.35,102.1,1074076
2022-07-28,102.8,107.4,102.4,107.05,2764420
2022-07-31,107.8,108.4,105.2,106.45,1108443
2022-08-01,106.3,108.85,105.55,106.15,1313987
2022-08-02,106.45,106.45,103.0,104.05,900024
2022-08-03,103.6,106.7,102.1,105.5,1466878
2022-08-04,105.5,106.85,103.95,106.2,1370801
2022-08-07,111.95,114.4,108.1,109.25,5529065
2022-08-09,109.75,109.75,105.25,105.75,1287404
2022-08-10,106.6,106.8,104.6,105.15,1047038
2022-08-11,105.25,107.45,103.65,104.9,1485397
2022-08-15,104.0,104.0,100.1,101.0,1737352
2022-08-16,102.5,104.85,101.6,102.6,1732225
2022-08-17,102.5,106.45,102.1,105.5,2134492
2022-08-18,106.1,107.0,103.4,104.35,2044785
2022-08-21,104.0,109.35,104.0,106.15,2637591
2022-08-22,104.5,107.1,104.45,106.35,1317939
2022-08-23,107.0,109.9,106.45,107.0,1906538
2022-08-24,108.5,121.55,107.8,116.85,19717955
2022-08-25,118.4,122.35,116.7,119.9,7580255
2022-08-28,115.2,124.3,115.05,121.8,7766993
2022-08-29,122.9,122.9,119.3,119.95,2937019
2022-08-31,119.5,125.35,119.35,121.0,4534624
2022-09-01,122.2,125.9,118.7,122.8,6393744
2022-09-04,123.1,125.8,122.35,123.75,2255738
2022-09-05,124.0,124.35,120.0,121.2,1516431
2022-09-06,120.7,124.05,120.15,121.95,2242246
2022-09-07,122.75,122.95,120.25,120.75,1346219
2022-09-08,121.2,121.65,116.75,117.25,1938616
2022-09-11,117.8,120.0,116.45,117.1,1400483
2022-09-12,118.0,119.5,117.4,118.9,1773351
2022-09-13,117.0,118.5,116.05,117.4,1327966
2022-09-14,117.9,123.4,117.55,119.9,2945147
2022-09-15,119.8,120.0,113.25,114.4,1914428
2022-09-18,114.95,115.3,111.0,112.5,1180267
2022-09-19,112.9,116.15,112.6,113.35,1282321
2022-09-20,113.3,114.4,109.0,109.5,1177519
2022-09-21,109.8,112.3,108.55,111.1,1642719
2022-09-22,111.95,112.2,106.2,107.1,1159749
2022-09-25,106.0,106.3,101.05,103.3,1629712
2022-09-26,104.85,105.9,102.2,103.6,1000882
2022-09-27,103.6,105.25,102.15,103.0,696841
2022-09-28,103.9,104.7,101.5,102.8,757771
2022-09-29,102.1,107.6,102.05,106.75,1553363
2022-10-02,106.4,106.45,101.8,102.4,872987
2022-10-03,104.35,106.2,103.3,105.5,933583
2022-10-05,106.4,108.4,105.85,107.3,1031128
2022-10-06,107.65,110.0,106.1,109.05,1608937
2022-10-09,107.85,113.1,106.1,111.0,1647456
2022-10-10,110.85,111.0,106.6,107.2,1272990
2022-10-11,107.85,107.9,104.9,105.4,768332
2022-10-12,106.0,107.0,103.6,103.9,698856
2022-10-13,106.95,108.0,102.1,103.75,1069712
2022-10-16,103.35,104.4,101.35,102.3,816899
2022-10-17,103.4,103.9,102.55,102.9,578201
2022-10-18,103.45,103.9,100.9,101.6,757446
2022-10-19,101.4,102.15,100.55,101.75,641683
2022-10-20,102.35,102.75,97.4,98.0,1044322
2022-10-23,98.95,101.95,98.9,101.1,518505
2022-10-24,101.95,103.2,100.0,101.3,596696
2022-10-26,101.5,101.9,99.5,100.3,711617
2022-10-27,100.65,102.5,98.5,100.0,1031865
2022-10-30,101.0,104.9,100.3,102.6,1343432
2022-10-31,102.5,103.7,101.0,102.95,672610
2022-11-01,102.95,103.5,101.1,101.3,524493
2022-11-02,100.25,103.0,100.1,102.45,379380
2022-11-03,102.95,104.85,102.15,103.75,750495
2022-11-06,104.55,107.7,103.2,106.25,1197841
2022-11-08,106.95,107.1,104.45,105.6,793011
2022-11-09,105.05,105.95,102.4,103.05,506278
2022-11-10,104.4,104.55,101.25,102.9,509255
2022-11-13,100.0,102.8,98.2,100.1,1072948
2022-11-14,100.7,102.15,99.75,100.15,687781
2022-11-15,100.15,103.45,100.05,102.25,1012881
2022-11-16,101.95,105.0,101.5,104.5,963741
2022-11-17,105.0,107.2,102.5,104.7,1005071
2022-11-20,99.0,101.0,92.0,92.9,5755947
2022-11-21,92.9,94.95,92.75,93.0,1494905
2022-11-22,94.9,96.75,94.15,95.2,1730198
2022-11-23,95.6,97.3,95.0,95.6,898651
2022-11-24,95.9,96.7,94.75,96.1,831789
2022-11-27,95.0,97.3,94.5,94.75,1048479
2022-11-28,94.9,95.8,94.5,95.25,698907
2022-11-29,95.7,98.0,95.35,97.15,1277032
2022-11-30,98.5,99.8,97.25,98.05,1088471
2022-12-01,98.3,99.0,95.9,96.55,783398
2022-12-04,97.1,97.55,92.05,92.75,2640272
2022-12-05,93.2,94.45,92.6,93.1,1034004
2022-12-06,93.45,94.3,92.25,92.8,795763
2022-12-07,92.9,93.7,92.6,92.95,509353
2022-12-08,93.65,93.95,89.65,90.15,986228
2022-12-11,90.0,91.9,89.1,91.4,767555
2022-12-12,92.0,93.1,90.4,91.2,775837
2022-12-13,91.7,92.65,89.95,91.7,911783
2022-12-14,91.55,92.6,91.25,91.55,584446
2022-12-15,90.95,92.0,89.95,90.85,565629
2022-12-18,90.9,91.6,90.0,90.65,558844
2022-12-19,90.65,91.6,89.5,90.3,383145
2022-12-20,90.75,91.45,86.4,87.1,869061
2022-12-21,88.0,88.55,83.5,84.9,871985
2022-12-22,84.25,84.9,78.0,79.15,1252916
2022-12-25,79.4,84.3,79.15,83.85,777022
2022-12-26,92.95,99.7,85.05,88.75,8006176
2022-12-27,88.7,92.25,87.2,91.55,1828377
2022-12-28,91.9,92.75,90.7,91.85,989190
2022-12-29,92.3,92.5,89.5,89.9,797877
2023-01-01,90.5,92.25,90.5,91.5,728432
2023-01-02,91.55,96.3,91.55,95.25,2285881
2023-01-03,95.0,95.55,92.75,93.05,781776
2023-01-04,93.25,94.7,91.8,93.8,597349
2023-01-05,93.9,94.5,92.6,93.25,675743
2023-01-08,93.35,94.2,92.2,92.5,506809
2023-01-09,92.85,92.85,90.1,90.45,391700
2023-01-10,90.95,92.45,89.4,90.05,897366
2023-01-11,90.05,90.4,88.5,88.85,479391
2023-01-12,89.3,90.0,88.85,89.7,432169
2023-01-15,90.15,90.15,89.1,89.25,274991
2023-01-16,89.7,90.0,88.0,88.5,1182564
2023-01-17,88.95,89.6,88.0,89.0,443368
2023-01-18,89.35,89.8,87.7,87.95,345014
2023-01-19,88.0,89.4,87.9,88.2,493083
2023-01-22,88.25,88.5,86.95,87.4,318917
2023-01-23,87.35,88.0,85.7,86.5,402883
2023-01-24,85.35,86.8,84.1,84.35,1231888
2023-01-26,84.25,86.0,82.0,82.5,544413
2023-01-29,82.65,85.4,81.85,83.5,444134
2023-01-30,84.1,85.6,83.25,84.95,293617
2023-01-31,85.7,86.5,82.45,83.4,518624
2023-02-01,82.2,85.3,81.35,82.15,492263
2023-02-02,83.1,83.4,79.8,80.5,535719
2023-02-05,80.95,83.6,80.95,82.3,480411
2023-02-06,83.0,83.8,81.3,81.95,670822
2023-02-07,82.85,82.85,80.7,80.9,508019
2023-02-08,80.9,84.0,80.85,83.25,607097
2023-02-09,82.95,87.65,82.75,86.8,847862
2023-02-12,87.6,87.6,83.85,84.75,572919
2023-02-13,86.6,87.8,82.7,83.65,625122
2023-02-14,84.95,87.4,84.95,85.9,1736025
2023-02-15,86.95,87.95,85.25,85.5,1345882
2023-02-16,85.15,89.7,85.1,87.1,1622765
2023-02-19,87.55,87.7,83.2,83.9,657890
2023-02-20,83.9,89.6,82.5,88.5,1676037
2023-02-21,88.4,90.5,86.0,87.7,2080839
2023-02-22,88.0,88.5,86.0,86.3,581232
2023-02-23,86.7,87.35,84.25,84.8,745142
2023-02-26,84.7,85.6,81.0,81.75,638824
2023-02-27,81.5,82.65,80.35,81.0,631395
2023-02-28,81.9,84.5,81.3,83.45,944461
2023-03-01,83.3,83.9,81.65,82.0,541772
2023-03-02,82.9,83.95,82.1,82.5,763974
2023-03-05,82.7,84.5,82.25,82.65,853818
2023-03-07,82.7,84.05,82.1,82.75,526294
2023-03-08,83.4,83.6,81.5,81.7,657102
2023-03-09,81.2,83.4,81.0,81.3,988318
2023-03-12,81.4,81.9,77.7,78.05,943201
2023-03-13,78.05,78.35,75.0,75.3,1001172
2023-03-14,75.9,79.75,75.4,77.95,1377491
2023-03-15,77.95,78.3,73.1,73.75,1317971
2023-03-16,74.0,76.6,73.95,75.05,980878
2023-03-19,73.0,75.0,72.5,73.0,776520
2023-03-20,73.4,74.25,73.0,73.7,543626
2023-03-21,74.1,75.15,73.75,74.25,540519
2023-03-22,74.65,74.8,73.75,74.4,505523
2023-03-23,74.7,75.05,72.5,73.0,610508
2023-03-26,73.65,73.65,69.4,69.9,733889
2023-03-27,70.0,71.8,70.0,71.4,757887
2023-03-28,71.0,75.7,71.0,74.95,1529404
2023-03-30,76.0,78.65,76.0,77.0,1104314
2023-04-02,79.0,82.0,79.0,80.45,2288006
2023-04-04,80.9,82.3,79.5,81.6,2323795
2023-04-05,81.4,84.3,81.35,83.3,1325532
2023-04-09,83.45,83.9,81.3,81.5,713077
2023-04-10,81.65,82.5,80.35,80.6,914753
2023-04-11,83.6,84.7,82.2,83.6,2015153
2023-04-12,83.6,84.55,82.9,83.45,763288
2023-04-16,82.9,87.8,81.5,85.35,1467437
2023-04-17,86.05,86.05,83.8,84.4,867183
2023-04-18,84.9,86.7,84.5,85.65,909733
2023-04-19,86.15,86.15,84.6,85.25,477389
2023-04-20,85.0,86.55,83.3,83.75,785246
2023-04-23,84.0,84.35,81.35,81.6,834082
2023-04-24,81.6,82.7,81.0,81.65,859617
2023-04-25,81.9,83.45,81.15,81.7,1235315
2023-04-26,81.3,85.75,81.3,85.25,1553356
2023-04-27,85.15,86.05,83.95,84.2,1018413
2023-05-01,84.45,85.7,84.2,84.65,662259
2023-05-02,84.6,85.1,83.7,84.05,857646
2023-05-03,84.5,87.55,83.85,84.35,2229876
2023-05-04,84.35,84.35,81.2,81.55,1162667
2023-05-07,81.95,83.55,81.45,81.9,806401
2023-05-08,82.05,83.9,81.5,82.05,1133170
2023-05-09,82.35,82.9,80.55,80.85,878187
2023-05-10,80.9,82.45,80.9,82.15,477494
2023-05-11,82.45,83.25,80.6,81.0,1054129
2023-05-14,81.0,82.45,80.75,81.8,633290
2023-05-15,82.2,82.45,81.15,81.3,495304
2023-05-16,81.6,81.75,80.2,80.65,613273
2023-05-17,81.15,83.6,80.9,81.55,2752841
2023-05-18,82.2,83.15,81.2,81.9,805008
2023-05-21,82.3,83.8,81.4,82.05,1785069
2023-05-22,82.45,87.2,82.15,85.8,6241611
2023-05-23,85.8,88.3,84.7,85.3,2689925
2023-05-24,85.6,85.9,84.75,85.4,1009807
2023-05-25,85.7,87.75,84.9,86.25,1944457
2023-05-28,87.0,91.45,86.55,89.05,4839196
2023-05-29,89.95,90.8,87.15,89.65,4150670
2023-05-30,89.6,94.0,89.25,93.05,7537790
2023-05-31,93.8,99.0,93.5,97.45,9386278
2023-06-01,99.0,108.2,97.6,105.65,15148173
2023-06-04,105.65,108.6,104.15,104.8,8474802
2023-06-05,104.8,109.5,104.1,106.2,6408131
2023-06-06,107.0,109.0,104.6,105.15,5006731
2023-06-07,105.65,108.5,102.15,103.35,5259303
2023-06-08,104.0,107.5,102.65,103.95,6156323
2023-06-11,104.5,111.8,104.1,109.7,9741490
2023-06-12,110.6,116.0,109.2,115.1,9443328
2023-06-13,115.0,117.45,113.05,114.45,4396707
2023-06-14,115.0,117.0,113.7,115.7,3727683
2023-06-15,116.5,118.5,115.75,116.1,2813721
2023-06-18,116.5,118.25,114.2,117.1,3728293
2023-06-19,116.5,123.55,116.15,122.2,8283271
2023-06-20,122.5,123.4,119.05,119.95,3434087
2023-06-21,120.25,122.0,116.25,118.9,2590163
2023-06-22,119.05,120.9,116.5,119.1,2857144
2023-06-25,119.15,120.35,117.1,118.0,1368860
2023-06-26,118.5,126.35,117.8,123.85,9487758
2023-06-27,124.4,126.7,123.25,123.8,7044947
2023-06-29,124.3,124.8,118.15,118.85,3547007
2023-07-02,119.95,121.4,117.5,119.9,2850930
2023-07-03,120.4,123.0,117.5,118.95,6051376
2023-07-04,119.4,128.9,118.85,126.3,9901754
2023-07-05,125.9,129.85,124.75,128.85,5876700
2023-07-06,129.0,131.4,126.7,127.6,9848068
2023-07-09,127.6,132.8,127.45,130.35,11494863
2023-07-10,131.0,137.7,131.0,133.3,10884486
2023-07-11,134.1,135.3,131.15,133.8,4956277
2023-07-12,134.5,136.3,132.1,132.9,2982483
2023-07-13,133.05,133.35,130.65,132.9,2440607
2023-07-16,133.4,138.6,132.45,138.0,4169058
2023-07-17,137.8,139.7,133.3,136.75,3538594
2023-07-18,137.05,139.3,135.0,138.45,4698019
2023-07-19,138.0,140.65,136.35,137.05,3269450
2023-07-20,136.75,138.3,135.0,136.7,2111238
2023-07-23,137.05,138.7,136.4,137.5,2254398
2023-07-24,137.55,140.7,134.5,135.35,1777053
2023-07-25,135.95,137.75,134.3,136.1,1850148
2023-07-26,136.25,138.3,135.15,136.8,1355799
2023-07-27,137.3,137.75,135.45,136.1,1343133
2023-07-30,136.1,139.9,135.2,137.3,1613405
2023-07-31,137.6,142.4,137.6,140.7,3561182
2023-08-01,141.0,142.3,136.1,137.35,2184722
2023-08-02,137.4,142.7,136.25,137.5,3087050
2023-08-03,138.5,140.7,136.25,137.1,1862962
2023-08-06,138.1,142.5,137.1,140.25,3255892
2023-08-07,140.6,141.25,137.1,138.75,2364248
2023-08-08,139.4,140.7,136.5,138.55,2317086
2023-08-09,139.35,144.45,132.4,136.3,5901909
2023-08-10,137.8,138.3,132.2,133.15,2651625
2023-08-13,133.15,134.75,129.5,132.45,1439210
2023-08-15,132.75,134.0,131.15,133.05,1253185
2023-08-16,133.5,138.5,130.35,136.25,2496000
2023-08-17,137.0,140.8,135.5,138.9,4020436
2023-08-20,139.9,145.65,139.35,143.05,4313769
2023-08-21,143.85,144.85,141.25,142.1,2157778
2023-08-22,142.9,148.3,140.1,146.6,4050770
2023-08-23,148.0,151.0,142.05,142.8,3403524
2023-08-24,141.7,142.75,137.55,139.0,1933566
2023-08-27,140.6,147.7,139.95,145.15,4677801
2023-08-28,146.45,153.45,144.0,151.45,4929524
2023-08-29,152.8,155.1,150.5,154.0,4492312
2023-08-30,155.1,155.1,148.0,148.5,2059669
2023-08-31,149.0,149.05,145.0,145.85,2250063
2023-09-03,146.8,148.85,145.5,146.65,1717348
2023-09-04,147.25,149.45,143.7,145.45,1803506
2023-09-05,146.1,146.7,140.9,141.55,1712060
2023-09-06,141.9,143.15,139.8,140.3,1234990
2023-09-07,140.85,145.95,140.4,143.6,2265207
2023-09-10,144.8,149.6,144.8,148.85,4358737
2023-09-11,150.0,154.65,141.2,141.95,3804891
2023-09-12,141.95,144.9,138.6,143.75,2044102
2023-09-13,145.0,156.3,144.85,154.75,6203255
2023-09-14,157.0,161.0,155.3,156.85,5269661
2023-09-17,155.8,158.7,152.2,152.85,1942005
2023-09-19,150.2,158.7,150.0,156.15,3588897
2023-09-20,156.15,157.7,153.9,155.65,1860042
2023-09-21,154.9,155.4,152.1,154.8,1501820
2023-09-24,154.8,161.7,150.9,157.0,3149486
2023-09-25,157.8,160.15,154.8,156.0,1577507
2023-09-26,155.8,158.95,153.9,156.3,2025146
2023-09-27,156.0,157.85,151.4,152.2,1281700
2023-09-28,153.0,154.8,150.1,150.85,849126
2023-10-02,150.95,154.6,148.25,150.3,1638152
2023-10-03,148.95,149.8,144.35,145.35,1431679
2023-10-04,145.8,148.85,145.3,146.55,882312
2023-10-05,147.35,149.2,145.4,146.1,792075
2023-10-08,142.7,144.7,140.1,141.25,1016129
2023-10-09,141.25,146.2,141.0,143.7,914671
2023-10-10,145.0,146.4,140.8,141.7,778542
2023-10-11,142.65,150.55,142.3,147.8,2660575
2023-10-12,147.35,151.2,145.75,150.1,2353692
2023-10-15,150.15,154.15,146.55,153.3,2967865
2023-10-16,153.5,156.6,152.35,156.05,2218313
2023-10-17,157.5,158.4,152.8,157.35,2629893
2023-10-18,156.35,163.6,154.95,160.15,4028097
2023-10-19,159.0,161.4,156.8,158.15,1697208
2023-10-22,158.0,158.55,146.95,148.05,2261694
2023-10-24,149.15,151.15,142.65,146.65,1808677
2023-10-25,146.65,151.1,143.1,149.7,1737436
2023-10-26,150.4,160.8,149.65,158.95,5545097
2023-10-29,159.5,165.25,158.4,161.85,3328254
2023-10-30,162.7,164.0,158.3,159.95,1595513
2023-10-31,160.0,163.05,158.7,160.15,1457146
2023-11-01,161.45,166.5,161.4,164.45,3073900
2023-11-02,166.2,169.25,163.6,164.3,2806802
2023-11-05,166.3,167.65,160.15,160.65,1238397
2023-11-06,161.3,163.8,159.85,162.2,1233127
2023-11-07,162.5,167.35,160.45,161.1,2208861
2023-11-08,161.7,163.95,160.0,162.95,2130229
2023-11-09,163.65,169.65,162.25,168.15,4851622
2023-11-11,169.9,173.0,167.1,169.1,1515393
2023-11-12,168.55,176.7,167.75,172.45,3502240
2023-11-14,174.5,176.55,170.0,173.9,3285283
2023-11-15,174.15,178.6,173.0,174.9,2130213
2023-11-16,175.7,177.6,170.0,171.0,1736791
2023-11-19,171.6,177.0,168.5,176.15,3115028
2023-11-20,176.8,182.45,174.75,178.2,3303198
2023-11-21,178.5,180.0,175.05,176.0,1659163
2023-11-22,176.35,178.6,172.45,173.25,1337463
2023-11-23,173.5,174.95,170.9,173.0,1691690
2023-11-27,174.0,181.0,173.05,179.55,3067832
2023-11-28,180.8,181.2,176.6,177.65,1961066
2023-11-29,177.8,179.65,175.35,176.5,1160522
2023-11-30,177.0,180.35,174.15,178.7,1712318
2023-12-03,180.9,182.6,177.1,178.75,2351832
2023-12-04,178.55,188.7,176.5,184.85,4142437
2023-12-05,186.0,186.95,182.5,185.55,2302130
2023-12-06,186.4,188.0,182.9,186.15,2482081
2023-12-07,186.5,188.05,182.05,183.15,1393216
2023-12-10,183.6,185.5,176.05,181.3,1290149
2023-12-11,181.9,184.8,177.35,179.35,1853539
2023-12-12,180.6,184.4,179.65,181.4,1298220
2023-12-13,183.4,187.3,180.6,181.3,2625599
2023-12-14,181.5,194.1,181.5,191.85,3746792
2023-12-17,190.0,192.75,184.4,185.3,2367977
2023-12-18,185.95,186.4,181.25,182.2,1893430
2023-12-19,183.2,186.6,172.05,173.4,2772937
2023-12-20,171.5,176.6,169.85,173.4,1503995
2023-12-21,174.9,178.0,173.1,175.55,1390788
2023-12-25,176.95,180.75,174.65,179.9,1726009
2023-12-26,181.15,185.8,177.6,178.8,1419227
2023-12-27,179.95,180.75,175.5,176.2,1038064
2023-12-28,175.8,177.45,173.8,176.7,1432693
2023-12-31,177.3,186.45,175.85,185.15,2590338
2024-01-01,185.0,187.55,179.25,185.75,1973914
2024-01-02,183.8,185.4,180.35,181.35,1026458
2024-01-03,182.35,183.3,179.35,180.8,1094688
2024-01-04,181.4,185.85,177.7,180.0,1781342
2024-01-07,180.95,182.25,176.1,176.9,1075792
2024-01-08,178.3,181.5,175.5,176.05,1480595
2024-01-09,176.55,177.0,169.55,172.9,2183235
2024-01-10,174.0,186.0,173.75,185.15,3345526
2024-01-11,185.9,186.7,180.05,180.5,1039671
2024-01-14,181.7,184.9,176.4,180.9,2156245
2024-01-15,180.0,182.35,175.0,176.95,1449059
2024-01-16,175.9,176.5,171.05,172.05,1467493
2024-01-17,172.9,176.7,169.2,173.8,1483082
2024-01-18,175.75,179.7,173.0,174.4,1411537
2024-01-19,175.6,177.5,174.4,175.05,753511
2024-01-22,176.4,176.45,162.35,163.95,2264448
2024-01-23,164.3,170.7,161.75,168.55,1801456
2024-01-24,170.25,180.8,169.6,176.2,2665447
2024-01-28,176.5,180.95,173.6,174.35,1077601
2024-01-29,176.0,176.75,170.1,170.6,991336
2024-01-30,170.8,176.7,170.0,174.55,1696965
2024-01-31,174.0,175.05,170.95,173.25,1026079
2024-02-01,174.5,177.25,168.6,169.55,2287884
2024-02-04,169.5,170.9,162.9,163.8,1324405
2024-02-05,164.0,174.95,162.55,173.6,2136697
2024-02-06,176.0,181.8,173.2,176.5,2377406
2024-02-07,177.45,180.6,173.15,175.85,1829710
2024-02-08,176.85,179.3,171.0,177.0,1589311
2024-02-11,179.0,182.6,171.8,173.65,1843087
2024-02-12,186.5,204.75,181.25,199.05,17907526
2024-02-13,197.0,222.0,195.1,217.35,11867665
2024-02-14,220.0,224.45,211.4,216.1,5483166
2024-02-15,216.0,220.9,214.15,215.6,2611913
2024-02-18,216.8,229.6,216.0,219.7,2963642
2024-02-19,221.1,233.9,217.35,230.45,5267069
2024-02-20,231.35,231.35,216.6,218.85,2186319
2024-02-21,219.3,222.2,213.2,219.85,2153889
2024-02-22,220.6,221.05,211.6,213.35,1274600
2024-02-25,214.9,222.25,209.15,217.75,2428484
2024-02-26,217.75,224.8,217.3,219.55,2086264
2024-02-27,221.5,227.7,212.3,216.1,1744305
2024-02-28,217.2,221.25,213.5,217.15,1063732
2024-02-29,218.35,225.15,217.15,219.0,1545108
2024-03-01,220.2,225.0,219.0,222.35,394528
2024-03-03,223.45,229.4,221.35,224.65,2127803
2024-03-04,225.65,228.25,221.1,222.8,1812146
2024-03-05,221.95,221.95,203.45,211.55,2179492
2024-03-06,211.5,220.7,211.5,213.45,1820080
2024-03-10,214.4,223.65,211.9,214.15,2466518
2024-03-11,214.0,214.0,207.0,208.8,1108696
2024-03-12,208.0,208.95,191.05,193.45,1877630
2024-03-13,190.1,206.65,189.25,205.0,2133850
2024-03-14,206.0,211.1,202.05,209.0,1482505
2024-03-17,211.0,213.65,198.1,200.5,1088256
2024-03-18,200.5,204.0,192.1,193.85,817078
2024-03-19,205.0,215.7,201.65,207.1,3630504
2024-03-20,211.55,213.9,207.4,209.4,1907571
2024-03-21,209.4,223.7,209.25,220.35,4334476
2024-03-25,223.0,253.75,221.1,250.0,8157994
2024-03-26,255.7,263.95,248.5,255.3,5055914
2024-03-27,257.7,259.5,248.0,249.65,1986422
2024-03-31,252.8,262.2,248.3,251.7,1790282
2024-04-01,254.0,268.85,254.0,264.45,2514646
2024-04-02,263.95,272.7,260.5,268.15,1836102
2024-04-03,269.5,272.35,262.9,268.4,1020159
2024-04-04,270.4,270.4,258.1,260.5,1366400
2024-04-07,260.95,275.0,256.1,273.2,2209844
2024-04-08,275.9,278.8,263.8,266.4,1178073
2024-04-09,267.1,278.9,262.6,277.4,2215478
2024-04-11,277.0,277.4,267.7,268.65,982282
2024-04-14,266.95,271.3,255.75,265.2,1728614
2024-04-15,258.1,270.0,258.1,260.4,1350395
2024-04-17,263.4,266.4,259.0,260.05,1566891
2024-04-18,254.0,267.85,252.0,264.65,1042563
2024-04-21,268.0,273.3,264.3,267.15,1291283
2024-04-22,269.0,272.7,265.2,266.5,847224
2024-04-23,268.0,283.0,267.9,280.05,1813203
2024-04-24,281.95,283.0,273.2,274.85,855704
2024-04-25,276.9,278.7,270.2,272.65,975310
2024-04-28,274.85,281.5,265.8,268.5,1710771
2024-04-29,270.85,279.45,268.5,276.05,1862020
2024-05-01,278.7,283.95,271.85,277.85,1480674
2024-05-02,279.7,280.85,272.75,274.8,982824
2024-05-05,277.5,290.4,273.2,282.1,1701709
2024-05-06,282.85,288.0,267.4,272.45,1582519
2024-05-07,270.0,278.05,266.55,270.45,828982
2024-05-08,270.45,270.45,252.1,254.0,1458811
2024-05-09,256.0,266.65,248.9,264.5,1328949
2024-05-12,264.85,268.6,253.0,264.6,1183974
2024-05-13,264.6,277.4,262.05,275.45,1246240
2024-05-14,277.4,283.85,275.5,280.15,1239470
2024-05-15,281.0,291.0,281.0,286.85,1667065
2024-05-16,287.0,293.35,284.0,289.15,1927964
2024-05-17,290.4,292.2,285.0,286.45,482109
2024-05-20,285.95,300.0,284.3,285.9,2169196
2024-05-21,287.65,292.4,283.5,286.0,913920
2024-05-22,287.3,296.7,285.2,287.4,1347456
2024-05-23,288.5,292.2,267.4,270.0,1704415
2024-05-26,270.0,274.7,261.0,265.65,1594002
2024-05-27,267.75,278.55,263.7,273.6,1482188
2024-05-28,271.05,273.75,267.0,272.2,1329125
2024-05-29,272.0,272.9,263.25,265.65,902525
2024-05-30,268.0,279.7,268.0,275.5,3969348
2024-06-02,290.0,290.0,280.4,287.65,1705005
2024-06-03,289.95,289.95,244.3,264.65,2243351
2024-06-04,265.5,274.7,254.45,268.15,1249649
2024-06-05,268.8,280.35,268.8,278.25,1086722
2024-06-06,277.25,284.8,274.2,280.85,1153685
2024-06-09,284.0,293.5,280.55,283.75,1180437
2024-06-10,285.4,290.9,283.95,285.7,1173655
2024-06-11,286.9,308.0,286.0,295.55,4256630
2024-06-12,298.8,309.0,297.1,306.9,3035166
2024-06-13,307.5,314.95,302.05,306.2,4064666
2024-06-17,308.2,310.4,300.1,300.8,1153630
2024-06-18,300.8,301.8,292.25,297.05,1241113
2024-06-19,299.85,303.75,295.05,297.25,975939
2024-06-20,327.75,352.25,318.6,337.3,17087048
2024-06-23,337.1,348.8,331.2,337.05,3276016
2024-06-24,338.95,339.05,328.15,331.3,1313109
2024-06-25,343.95,349.0,331.4,333.5,2664557
2024-06-26,334.95,336.5,324.0,328.35,1397140
2024-06-27,329.8,333.05,321.0,322.4,1463964
2024-06-30,322.95,335.9,322.4,332.3,1090845
2024-07-01,333.9,338.2,324.6,334.8,1087233
2024-07-02,335.35,338.7,329.05,333.8,627998
2024-07-03,334.7,335.6,327.9,331.45,729902
2024-07-04,332.45,332.7,325.0,327.35,524272
2024-07-07,328.8,328.8,316.4,318.05,965451
2024-07-08,319.1,336.2,319.1,332.6,1860022
2024-07-09,340.0,340.0,317.9,327.0,1395182
2024-07-10,330.5,335.5,328.05,329.4,816420
2024-07-11,331.5,347.7,328.05,337.45,2548537
2024-07-14,341.95,343.7,330.05,336.3,1316508
2024-07-15,336.35,362.5,334.55,346.5,5043042
2024-07-17,347.9,348.0,336.0,337.65,1989584
2024-07-18,337.65,338.0,322.0,323.25,1581841
2024-07-21,321.0,336.7,318.2,332.95,1305179
2024-07-22,333.35,337.4,307.35,335.7,1963048
2024-07-23,335.05,339.7,330.3,334.3,809383
2024-07-24,331.05,345.6,327.45,328.6,980621
2024-07-25,330.35,339.0,329.05,337.35,1145289
2024-07-28,339.9,342.8,336.05,337.95,1031717
2024-07-29,339.65,351.0,335.85,344.8,1508028
2024-07-30,348.1,350.9,335.3,337.3,985945
2024-07-31,339.0,349.9,333.2,341.0,1122289
2024-08-01,330.1,341.45,329.55,331.6,943081
2024-08-04,310.35,320.4,306.6,317.4,1889528
2024-08-05,321.0,327.75,303.25,305.15,1107789
2024-08-06,312.95,319.9,308.15,317.7,1123245
2024-08-07,319.95,320.7,311.6,318.2,835068
2024-08-08,321.0,330.0,319.5,327.2,1223474
2024-08-11,329.55,345.0,323.1,342.9,1876908
2024-08-12,349.0,364.8,340.9,346.5,3980881
2024-08-13,348.0,385.8,337.0,382.35,11189059
2024-08-15,380.0,394.3,377.4,385.25,2322212
2024-08-18,389.1,403.0,386.05,392.5,2129095
2024-08-19,394.15,394.2,383.0,388.9,842044
2024-08-20,392.1,395.9,388.1,394.25,753162
2024-08-21,396.5,399.0,386.0,388.4,731962
2024-08-22,389.8,407.65,383.35,399.0,2059515
2024-08-25,400.95,401.1,385.4,386.25,814516
2024-08-26,387.0,394.2,385.2,391.25,1149083
2024-08-27,392.4,396.75,386.05,388.55,742496
2024-08-28,390.0,400.0,380.6,389.3,778643
2024-08-29,392.05,403.8,385.35,400.5,1386121
2024-09-01,403.3,419.65,393.2,397.75,2521315
2024-09-02,398.0,407.45,395.15,400.2,1016835
2024-09-03,395.0,416.0,394.2,414.4,1907546
2024-09-04,416.4,428.85,414.45,424.55,2210471
2024-09-05,424.55,426.95,401.5,406.55,1236309
2024-09-08,401.5,410.0,389.05,402.05,1633468
2024-09-09,404.0,419.9,402.4,418.7,2040568
2024-09-10,420.0,421.2,403.0,404.3,744970
2024-09-11,407.0,413.3,401.3,402.7,884900
2024-09-12,405.0,442.85,403.6,439.8,4102331
2024-09-15,441.9,442.8,422.2,424.3,1139323
2024-09-16,420.15,446.8,416.65,443.85,2186963
2024-09-17,443.85,445.85,420.05,421.4,1161370
2024-09-18,424.8,429.75,406.0,416.3,1154142
2024-09-19,414.3,423.85,410.5,413.85,1240833
2024-09-22,416.0,416.55,405.15,406.95,1179184
2024-09-23,408.9,412.9,403.9,406.05,979073
2024-09-24,408.85,409.95,401.85,404.4,931605
2024-09-25,404.0,407.8,387.1,390.35,976640
2024-09-26,392.5,397.75,385.0,385.95,783684
2024-09-29,386.9,398.0,383.4,391.3,747877
2024-09-30,390.05,397.5,388.25,389.5,791867
2024-10-02,385.6,393.6,369.75,378.15,1028921
2024-10-03,379.6,384.7,369.5,376.75,746895
2024-10-06,378.95,379.35,356.9,362.1,907456
2024-10-07,361.05,386.7,357.65,384.6,1279277
2024-10-08,386.95,392.2,383.1,391.1,1090830
2024-10-09,391.5,395.45,383.1,384.5,753226
2024-10-10,384.25,397.8,382.1,394.85,957927
2024-10-13,398.5,420.6,394.0,418.2,1783466
2024-10-14,427.0,444.85,423.05,438.35,3003237
2024-10-15,438.8,463.7,438.6,461.5,2342622
2024-10-16,463.15,474.0,450.1,453.65,1722548
2024-10-17,453.95,456.9,433.25,454.2,1081512
2024-10-20,456.0,470.7,447.7,451.15,873918
2024-10-21,450.0,450.0,418.8,423.65,1331991
2024-10-22,422.55,436.9,415.05,421.55,1299545
2024-10-23,419.75,429.35,406.05,407.35,774901
2024-10-24,408.9,412.6,390.65,398.7,772407
2024-10-27,398.7,414.4,397.55,400.5,1044375
2024-10-28,401.7,406.0,394.1,403.15,725783
2024-10-29,405.25,415.8,401.4,411.95,719772
2024-10-30,411.95,424.9,405.85,423.2,1077754
2024-10-31,427.0,435.65,425.8,430.95,270392
2024-11-03,432.2,432.65,405.1,407.1,769223
2024-11-04,406.95,420.8,405.65,409.65,726263
2024-11-05,411.0,425.8,411.0,423.0,762821
2024-11-06,423.8,428.45,414.05,417.0,608601
2024-11-07,417.0,419.0,403.1,405.1,670364
2024-11-10,405.45,410.9,398.6,404.4,899825
2024-11-11,425.0,425.0,386.4,394.5,2196464
2024-11-12,396.1,397.15,362.65,365.9,1425414
2024-11-13,370.0,393.0,370.0,387.4,2025630
2024-11-17,387.4,389.7,373.05,375.4,962776
2024-11-18,380.0,382.5,363.95,366.5,1148068
2024-11-20,366.25,380.5,355.2,371.5,1406296
2024-11-21,372.55,393.15,369.05,391.05,1009847
2024-11-24,412.25,412.45,398.0,410.4,1272869
2024-11-25,414.55,427.75,412.15,424.5,1214880
2024-11-26,424.8,432.4,419.2,426.65,842984
2024-11-27,428.0,436.55,425.35,429.85,1113190
2024-11-28,429.85,452.7,424.7,449.45,1857981
2024-12-01,449.6,463.9,443.45,449.75,1207870
2024-12-02,449.8,457.95,446.8,449.45,999296
2024-12-03,449.45,450.4,443.95,445.9,643943
2024-12-04,447.2,459.8,438.75,443.35,964769
2024-12-05,445.9,485.0,443.95,480.45,2944120
2024-12-08,486.0,495.2,480.85,489.3,1523221
2024-12-09,491.0,491.0,477.1,484.3,809337
2024-12-10,484.3,504.8,480.0,501.25,2561016
2024-12-11,502.8,503.5,488.7,493.85,928010
2024-12-12,495.6,513.55,489.25,493.95,2655798
2024-12-15,493.7,496.3,483.05,488.0,856510
